Workbook

Sheet Read Me
A1: Step / rule | B1: Details
A2: 1. Enter your availability | B2: Change the green inputs in Settings: start date, total hours per study day, study/rest pattern, contingency, usable fraction, and allocations.
A3: 2. Choose scope | B3: Schedule contains 48 editable modules covering all 94 original FDE topics, explicit foundational bridges, practice, and capstone work. Optional alternatives start excluded. The 5,044 reference subtopics are not all mandatory.
A4: 3. Calibrate estimates | B4: Hours are author-created planning assumptions, not measured course durations. Run a diagnostic, then edit estimates and progress. Keep essential prerequisites included; use 100% complete for demonstrated prior knowledge.
A5: 4. Read the forecast | B5: Dashboard summarizes remaining effort, completion, and finish. Schedule has module dates. Weekly Timeline shows a fixed 104-week window; forecasts beyond it still have full dates.
A6: 5. Parallel does not mean extra capacity | B6: Core, Practice, and Delivery share the same usable hours. Each lane is ordered sequentially; explicit prerequisites can delay another lane. Unused lane time is not automatically reallocated.
A7: 6. Capacity model | B7: Remaining hours = estimate x (1-completion) x (1+contingency). Lane capacity = daily hours x usable fraction x lane share. Fractional study-day offsets preserve effort; calendar dates are rounded to study days.
A8: 7. Dependencies and blocks | B8: Prerequisite IDs must exist earlier in Schedule and be included. Later references, missing IDs, disabled required tasks, invalid inputs, or zero capacity block the dependent work. Do not sort or reorder Schedule; use filters.
A9: 8. Completed work | B9: Completion percentages describe demonstrated task evidence. Completed or skipped tasks have no remaining hours or forecast dates. Forecasts are for the remaining plan; they are not actual completion history.
A10: 9. Practice log | B10: Record DSA, SQL, ML, or project practice and mistakes. Next review defaults to seven calendar days. Log entries do not automatically certify mastery or update Schedule percentages.
A11: 10. Holidays | B11: Add up to 100 excluded dates in Holidays. Weekend pattern is seven text digits from Monday to Sunday; 0 means available and 1 means unavailable.
A12: 11. Module granularity | B12: Topics are bundled into practical modules so related concepts and evidence can be learned together. Topic Map links each of the 94 topics to one module. Module estimates include its stated learning and exercise work; capstone modules are integrated implementation and review, not extra reading.
... A21: Main roadmap | B21: FDE Roadmap.md

Sheet Settings
A1: Setting | B1: Editable Value | C1: Meaning
A2: Start date | B2: =46318 -> 46318 | C2: Dates are forecasts for remaining work, not records of actual completion.
A3: Hours available per study day | B3: =3 -> 3 | C3: One total daily budget shared by all lanes; change this first.
A4: Weekend pattern Monday to Sunday | B4: 0000001 | C4: Seven text digits: 0=study day, 1=rest day. 0000011 means Monday-Friday.
A5: Effort contingency | B5: =0.2 -> 0.2 | C5: Extra effort applied once to each remaining task estimate.
A6: Usable time fraction | B6: =0.85 -> 0.85 | C6: Allows for interruptions; 85% of entered hours is scheduled.
A7: Core allocation | B7: =0.6 -> 0.6 | C7: Fraction of usable daily time reserved for core concepts and implementation.
A8: Practice allocation | B8: =0.2 -> 0.2 | C8: Fraction reserved for DSA, SQL, numerical ML, and revision.
A9: Delivery allocation | B9: =0.2 -> 0.2 | C9: Fraction reserved for discovery, capstone work, security, UAT, and handover.
A10: Core hours per study day | B10: =IF(B15="Ready",B3*B6*B7,0) -> 1.53 | C10: Calculated; capacity is not duplicated between lanes.
A11: Practice hours per study day | B11: =IF(B15="Ready",B3*B6*B8,0) -> 0.51 | C11: Calculated.
A12: Delivery hours per study day | B12: =IF(B15="Ready",B3*B6*B9,0) -> 0.51 | C12: Calculated.
A13: Study days per week | B13: =LEN(B4)-LEN(SUBSTITUTE(B4,"0","")) -> 6 | C13: Count of zeroes in the weekend pattern.
A14: Allocation total | B14: =SUM(B7:B9) -> 1 | C14: Must equal 100%.
A15: Input status | B15: =IF(AND(ISNUMBER(B2),B2>0,ISNUMBER(B3),B3>0,B3<=16,LEN(B4)=7,LEN(SUBSTITUTE(SUBSTITUTE(B4,"0",""),"1",""))=0,B13>0,ISNUMBER(B5),B5>=0,B5<=1,ISNUMBER(B6),B6>0,B6<=1,COUNT(B7:B9)=3,MIN(B7:B9)>=0,MAX(B7:B9)<=1,ABS(B14-1)<0.000001),"Ready","Invalid settings") -> Ready | C15: Invalid inputs suppress schedule dates rather than invent a finish date.

Sheet Dashboard
A1: Measure | B1: Calculated Result | C1: Interpretation
A2: Plan status | B2: =IF(Settings!$B$15<>"Ready","Invalid settings",IF(COUNTIF(Schedule!$M$2:$M$49,"Blocked*")+COUNTIF(Schedule!$M$2:$M$49,"Invalid*")>0,"Blocked schedule",IF(SUM(Schedule!$K$2:$K$49)=0,"No remaining work","Ready"))) -> Ready | C2: A blocked or invalid plan does not display a misleading finish date.
A3: Selected unbuffered hours | B3: =SUMIF(Schedule!$D$2:$D$49,1,Schedule!$E$2:$E$49) -> 900 | C3: Original illustrative estimates for included modules; edit estimates after an initial diagnostic.
A4: Remaining buffered hours | B4: =SUM(Schedule!$K$2:$K$49) -> 1080 | C4: Remaining estimate multiplied by contingency. Idle time from dependencies or lane reservations is not counted as study effort.
A5: Effort-weighted completion | B5: =IFERROR(SUMPRODUCT(Schedule!$D$2:$D$49,Schedule!$E$2:$E$49,Schedule!$F$2:$F$49)/SUMPRODUCT(Schedule!$D$2:$D$49,Schedule!$E$2:$E$49),0) -> 0 | C5: Estimate-weighted progress, not a guarantee of mastery.
A6: Forecast finish | B6: =IF(B2="Ready",MAX(Schedule!$Q$2:$Q$49),"") -> 46973 | C6: Forecast for the selected remaining plan. This is not a job-readiness promise.
A7: Remaining study-day span | B7: =IF(B2="Ready",ROUNDUP(MAX(Schedule!$O$2:$O$49),0),0) -> 562 | C7: Includes waiting caused by prerequisites and fixed lane allocations.
A8: Calendar-day span | B8: =IF(B2="Ready",B6-Settings!$B$2+1,0) -> 656
A9: Approximate study weeks | B9: =IF(B2="Ready",B7/Settings!$B$13,0) -> 93.666667 | C9: Study-day span divided by study days per week; holidays can increase calendar time.
A10: Core daily usable hours | B10: =Settings!B10 -> 1.53
A11: Practice daily usable hours | B11: =Settings!B11 -> 0.51
A12: Delivery daily usable hours | B12: =Settings!B12 -> 0.51
A13: Timeline display window | B13: =IF(B9>104,"Forecast exceeds 104-week chart; dates remain complete","Within 104-week chart") -> Within 104-week chart
A16: Hours/day scenario | B16: Estimated finish | C16: Same scope, progress, allocation, calendar, and contingency; change those inputs in Settings.
A17: =1 -> 1 | B17: =IF($B$2="Ready",WORKDAY.INTL(Settings!$B$2-1,MAX(1,ROUNDUP(MAX(Schedule!$O$2:$O$49)*Settings!$B$3/A17,0)),Settings!$B$4,Holidays!$A$2:$A$101),"") -> 48283
A18: =2 -> 2 | B18: =IF($B$2="Ready",WORKDAY.INTL(Settings!$B$2-1,MAX(1,ROUNDUP(MAX(Schedule!$O$2:$O$49)*Settings!$B$3/A18,0)),Settings!$B$4,Holidays!$A$2:$A$101),"") -> 47301
A19: =3 -> 3 | B19: =IF($B$2="Ready",WORKDAY.INTL(Settings!$B$2-1,MAX(1,ROUNDUP(MAX(Schedule!$O$2:$O$49)*Settings!$B$3/A19,0)),Settings!$B$4,Holidays!$A$2:$A$101),"") -> 46973
A20: =4 -> 4 | B20: =IF($B$2="Ready",WORKDAY.INTL(Settings!$B$2-1,MAX(1,ROUNDUP(MAX(Schedule!$O$2:$O$49)*Settings!$B$3/A20,0)),Settings!$B$4,Holidays!$A$2:$A$101),"") -> 46809
A21: =6 -> 6 | B21: =IF($B$2="Ready",WORKDAY.INTL(Settings!$B$2-1,MAX(1,ROUNDUP(MAX(Schedule!$O$2:$O$49)*Settings!$B$3/A21,0)),Settings!$B$4,Holidays!$A$2:$A$101),"") -> 46645

Sheet Schedule
A1: ID | B1: Learning module | C1: Lane | D1: Include 1/0 | E1: Estimate hours | F1: Complete % | G1: Prerequisite 1 | H1: Prerequisite 2 | I1: Prerequisite 3 | J1: Prerequisite 4 | K1: Remaining buffered hours | L1: Lane hours/day | M1: Status | N1: Start study-day offset | O1: Finish study-day offset | P1: Planned start | Q1: Planned finish | R1: Study-day duration | S1: Completion evidence | T1: Practice / reference URL
A2: F01 | B2: FDE role and delivery orientation | C2: Core | D2: =1 -> 1 | E2: =4 -> 4 | F2: =0 -> 0 | K2: =IF(D2=0,0,IF(AND(ISNUMBER(E2),E2>=0,ISNUMBER(F2),F2>=0,F2<=1),E2*(1-F2)*(1+Settings!$B$5),0)) -> 4.8 | L2: =IFERROR(INDEX(Settings!$B$10:$B$12,MATCH(C2,{"Core","Practice","Delivery"},0)),0) -> 1.53 | M2: =IF(D2=0,"Skipped",IF(Settings!$B$15<>"Ready","Invalid settings",IF(OR(D2<>1,COUNTIF($A$2:$A$49,A2)<>1,NOT(ISNUMBER(E2)),E2<0,NOT(ISNUMBER(F2)),F2<0,F2>1),"Invalid input",IF(F2=1,"Complete",IF(OR(L2<=0,FALSE,G2<>"",H2<>"",I2<>"",J2<>""),"Blocked","Planned"))))) -> Planned | N2: =IF(M2="Skipped",0,IF(OR(M2="Planned",M2="Complete"),MAX(0,0,0,0,0),"")) -> 0 | O2: =IF(M2="Skipped",N2,IF(OR(M2="Planned",M2="Complete"),N2+IF(K2=0,0,K2/L2),"")) -> 3.1372549 | P2: =IF(AND(M2="Planned",K2>0),WORKDAY.INTL(Settings!$B$2-1,INT(N2+0.000000001)+1,Settings!$B$4,Holidays!$A$2:$A$101),"") -> 46318 | Q2: =IF(AND(M2="Planned",K2>0),WORKDAY.INTL(Settings!$B$2-1,MAX(1,ROUNDUP(O2-0.000000001,0)),Settings!$B$4,Holidays!$A$2:$A$101),"") -> 46322 | R2: =IF(OR(M2="Planned",M2="Complete"),O2-N2,0) -> 3.1372549 | S2: Explain customer ownership, role boundaries, and a reason to stop an engagement. | T2: https://roadmap.sh/forward-deployed-engineer
A3: F02 | B3: Primary language: Python | C3: Core | D3: =1 -> 1 | E3: =32 -> 32 | F3: =0 -> 0 | G3: F01 | K3: =IF(D3=0,0,IF(AND(ISNUMBER(E3),E3>=0,ISNUMBER(F3),F3>=0,F3<=1),E3*(1-F3)*(1+Settings!$B$5),0)) -> 38.4 | L3: =IFERROR(INDEX(Settings!$B$10:$B$12,MATCH(C3,{"Core","Practice","Delivery"},0)),0) -> 1.53 | M3: =IF(D3=0,"Skipped",IF(Settings!$B$15<>"Ready","Invalid settings",IF(OR(D3<>1,COUNTIF($A$2:$A$49,A3)<>1,NOT(ISNUMBER(E3)),E3<0,NOT(ISNUMBER(F3)),F3<0,F3>1),"Invalid input",IF(F3=1,"Complete",IF(OR(L3<=0,COUNTIFS($C$2:C2,C3,$M$2:M2,"Blocked*")+COUNTIFS($C$2:C2,C3,$M$2:M2,"Invalid*")>0,AND(G3<>"",OR(IFERROR(INDEX($D$2:$D$2,MATCH(G3,$A$2:$A$2,0)),0)<>1,IFERROR(INDEX($M$2:$M$2,MATCH(G3,$A$2:$A$2,0)),"Blocked")="Blocked",LEFT(IFERROR(INDEX($M$2:$M$2,MATCH(G3,$A$2:$A$2,0)),"Invalid"),7)="Invalid")),AND(H3<>"",OR(IFERROR(INDEX($D$2:$D$2,MATCH(H3,$A$2:$A$2,0)),0)<>1,IFERROR(INDEX($M$2:$M$2,MATCH(H3,$A$2:$A$2,0)),"Blocked")="Blocked",LEFT(IFERROR(INDEX($M$2:$M$2,MATCH(H3,$A$2:$A$2,0)),"Invalid"),7)="Invalid")),AND(I3<>"",OR(IFERROR(INDEX($D$2:$D$2,MATCH(I3,$A$2:$A$2,0)),0)<>1,IFERROR(INDEX($M$2:$M$2,MATCH(I3,$A$2:$A$2,0)),"Blocked")="Blocked",LEFT(IFERROR(INDEX($M$2:$M$2,MATCH(I3,$A$2:$A$2,0)),"Invalid"),7)="Invalid")),AND(J3<>"",OR(IFERROR(INDEX($D$2:$D$2,MATCH(J3,$A$2:$A$2,0)),0)<>1,IFERROR(INDEX($M$2:$M$2,MATCH(J3,$A$2:$A$2,0)),"Blocked")="Blocked",LEFT(IFERROR(INDEX($M$2:$M$2,MATCH(J3,$A$2:$A$2,0)),"Invalid"),7)="Invalid"))),"Blocked","Planned"))))) -> Planned | N3: =IF(M3="Skipped",O2,IF(OR(M3="Planned",M3="Complete"),MAX(O2,IF(G3="",0,IFERROR(INDEX($O$2:$O$2,MATCH(G3,$A$2:$A$2,0)),0)),IF(H3="",0,IFERROR(INDEX($O$2:$O$2,MATCH(H3,$A$2:$A$2,0)),0)),IF(I3="",0,IFERROR(INDEX($O$2:$O$2,MATCH(I3,$A$2:$A$2,0)),0)),IF(J3="",0,IFERROR(INDEX($O$2:$O$2,MATCH(J3,$A$2:$A$2,0)),0))),"")) -> 3.1372549 | O3: =IF(M3="Skipped",N3,IF(OR(M3="Planned",M3="Complete"),N3+IF(K3=0,0,K3/L3),"")) -> 28.235294 | P3: =IF(AND(M3="Planned",K3>0),WORKDAY.INTL(Settings!$B$2-1,INT(N3+0.000000001)+1,Settings!$B$4,Holidays!$A$2:$A$101),"") -> 46322 | Q3: =IF(AND(M3="Planned",K3>0),WORKDAY.INTL(Settings!$B$2-1,MAX(1,ROUNDUP(O3-0.000000001,0)),Settings!$B$4,Holidays!$A$2:$A$101),"") -> 46351 | R3: =IF(OR(M3="Planned",M3="Complete"),O3-N3,0) -> 25.098039 | S3: Run a tested ingestion command in a fresh environment. | T3: https://www.deep-ml.com/paths
A4: F03 | B4: Git Linux and debugging foundations | C4: Core | D4: =1 -> 1 | E4: =18 -> 18 | F4: =0 -> 0 | G4: F02 | K4: =IF(D4=0,0,IF(AND(ISNUMBER(E4),E4>=0,ISNUMBER(F4),F4>=0,F4<=1),E4*(1-F4)*(1+Settings!$B$5),0)) -> 21.6 | L4: =IFERROR(INDEX(Settings!$B$10:$B$12,MATCH(C4,{"Core","Practice","Delivery"},0)),0) -> 1.53 | M4: =IF(D4=0,"Skipped",IF(Settings!$B$15<>"Ready","Invalid settings",IF(OR(D4<>1,COUNTIF($A$2:$A$49,A4)<>1,NOT(ISNUMBER(E4)),E4<0,NOT(ISNUMBER(F4)),F4<0,F4>1),"Invalid input",IF(F4=1,"Complete",IF(OR(L4<=0,COUNTIFS($C$2:C3,C4,$M$2:M3,"Blocked*")+COUNTIFS($C$2:C3,C4,$M$2:M3,"Invalid*")>0,AND(G4<>"",OR(IFERROR(INDEX($D$2:$D$3,MATCH(G4,$A$2:$A$3,0)),0)<>1,IFERROR(INDEX($M$2:$M$3,MATCH(G4,$A$2:$A$3,0)),"Blocked")="Blocked",LEFT(IFERROR(INDEX($M$2:$M$3,MATCH(G4,$A$2:$A$3,0)),"Invalid"),7)="Invalid")),AND(H4<>"",OR(IFERROR(INDEX($D$2:$D$3,MATCH(H4,$A$2:$A$3,0)),0)<>1,IFERROR(INDEX($M$2:$M$3,MATCH(H4,$A$2:$A$3,0)),"Blocked")="Blocked",LEFT(IFERROR(INDEX($M$2:$M$3,MATCH(H4,$A$2:$A$3,0)),"Invalid"),7)="Invalid")),AND(I4<>"",OR(IFERROR(INDEX($D$2:$D$3,MATCH(I4,$A$2:$A$3,0)),0)<>1,IFERROR(INDEX($M$2:$M$3,MATCH(I4,$A$2:$A$3,0)),"Blocked")="Blocked",LEFT(IFERROR(INDEX($M$2:$M$3,MATCH(I4,$A$2:$A$3,0)),"Invalid"),7)="Invalid")),AND(J4<>"",OR(IFERROR(INDEX($D$2:$D$3,MATCH(J4,$A$2:$A$3,0)),0)<>1,IFERROR(INDEX($M$2:$M$3,MATCH(J4,$A$2:$A$3,0)),"Blocked")="Blocked",LEFT(IFERROR(INDEX($M$2:$M$3,MATCH(J4,$A$2:$A$3,0)),"Invalid"),7)="Invalid"))),"Blocked","Planned"))))) -> Planned | N4: =IF(M4="Skipped",O3,IF(OR(M4="Planned",M4="Complete"),MAX(O3,IF(G4="",0,IFERROR(INDEX($O$2:$O$3,MATCH(G4,$A$2:$A$3,0)),0)),IF(H4="",0,IFERROR(INDEX($O$2:$O$3,MATCH(H4,$A$2:$A$3,0)),0)),IF(I4="",0,IFERROR(INDEX($O$2:$O$3,MATCH(I4,$A$2:$A$3,0)),0)),IF(J4="",0,IFERROR(INDEX($O$2:$O$3,MATCH(J4,$A$2:$A$3,0)),0))),"")) -> 28.235294 | O4: =IF(M4="Skipped",N4,IF(OR(M4="Planned",M4="Complete"),N4+IF(K4=0,0,K4/L4),"")) -> 42.352941 | P4: =IF(AND(M4="Planned",K4>0),WORKDAY.INTL(Settings!$B$2-1,INT(N4+0.000000001)+1,Settings!$B$4,Holidays!$A$2:$A$101),"") -> 46351 | Q4: =IF(AND(M4="Planned",K4>0),WORKDAY.INTL(Settings!$B$2-1,MAX(1,ROUNDUP(O4-0.000000001,0)),Settings!$B$4,Holidays!$A$2:$A$101),"") -> 46367 | R4: =IF(OR(M4="Planned",M4="Complete"),O4-N4,0) -> 14.117647 | S4: Diagnose a failed service and deliver a reviewable change. | T4: https://roadmap.sh/git-github
A5: F04 | B5: Testing and reproducible project bridge | C5: Core | D5: =1 -> 1 | E5: =20 -> 20 | F5: =0 -> 0 | G5: F03 | K5: =IF(D5=0,0,IF(AND(ISNUMBER(E5),E5>=0,ISNUMBER(F5),F5>=0,F5<=1),E5*(1-F5)*(1+Settings!$B$5),0)) -> 24 | L5: =IFERROR(INDEX(Settings!$B$10:$B$12,MATCH(C5,{"Core","Practice","Delivery"},0)),0) -> 1.53 | M5: =IF(D5=0,"Skipped",IF(Settings!$B$15<>"Ready","Invalid settings",IF(OR(D5<>1,COUNTIF($A$2:$A$49,A5)<>1,NOT(ISNUMBER(E5)),E5<0,NOT(ISNUMBER(F5)),F5<0,F5>1),"Invalid input",IF(F5=1,"Complete",IF(OR(L5<=0,COUNTIFS($C$2:C4,C5,$M$2:M4,"Blocked*")+COUNTIFS($C$2:C4,C5,$M$2:M4,"Invalid*")>0,AND(G5<>"",OR(IFERROR(INDEX($D$2:$D$4,MATCH(G5,$A$2:$A$4,0)),0)<>1,IFERROR(INDEX($M$2:$M$4,MATCH(G5,$A$2:$A$4,0)),"Blocked")="Blocked",LEFT(IFERROR(INDEX($M$2:$M$4,MATCH(G5,$A$2:$A$4,0)),"Invalid"),7)="Invalid")),AND(H5<>"",OR(IFERROR(INDEX($D$2:$D$4,MATCH(H5,$A$2:$A$4,0)),0)<>1,IFERROR(INDEX($M$2:$M$4,MATCH(H5,$A$2:$A$4,0)),"Blocked")="Blocked",LEFT(IFERROR(INDEX($M$2:$M$4,MATCH(H5,$A$2:$A$4,0)),"Invalid"),7)="Invalid")),AND(I5<>"",OR(IFERROR(INDEX($D$2:$D$4,MATCH(I5,$A$2:$A$4,0)),0)<>1,IFERROR(INDEX($M$2:$M$4,MATCH(I5,$A$2:$A$4,0)),"Blocked")="Blocked",LEFT(IFERROR(INDEX($M$2:$M$4,MATCH(I5,$A$2:$A$4,0)),"Invalid"),7)="Invalid")),AND(J5<>"",OR(IFERROR(INDEX($D$2:$D$4,MATCH(J5,$A$2:$A$4,0)),0)<>1,IFERROR(INDEX($M$2:$M$4,MATCH(J5,$A$2:$A$4,0)),"Blocked")="Blocked",LEFT(IFERROR(INDEX($M$2:$M$4,MATCH(J5,$A$2:$A$4,0)),"Invalid"),7)="Invalid"))),"Blocked","Planned"))))) -> Planned | N5: =IF(M5="Skipped",O4,IF(OR(M5="Planned",M5="Complete"),MAX(O4,IF(G5="",0,IFERROR(INDEX($O$2:$O$4,MATCH(G5,$A$2:$A$4,0)),0)),IF(H5="",0,IFERROR(INDEX($O$2:$O$4,MATCH(H5,$A$2:$A$4,0)),0)),IF(I5="",0,IFERROR(INDEX($O$2:$O$4,MATCH(I5,$A$2:$A$4,0)),0)),IF(J5="",0,IFERROR(INDEX($O$2:$O$4,MATCH(J5,$A$2:$A$4,0)),0))),"")) -> 42.352941 | O5: =IF(M5="Skipped",N5,IF(OR(M5="Planned",M5="Complete"),N5+IF(K5=0,0,K5/L5),"")) -> 58.039216 | P5: =IF(AND(M5="Planned",K5>0),WORKDAY.INTL(Settings!$B$2-1,INT(N5+0.000000001)+1,Settings!$B$4,Holidays!$A$2:$A$101),"") -> 46367 | Q5: =IF(AND(M5="Planned",K5>0),WORKDAY.INTL(Settings!$B$2-1,MAX(1,ROUNDUP(O5-0.000000001,0)),Settings!$B$4,Holidays!$A$2:$A$101),"") -> 46386 | R5: =IF(OR(M5="Planned",M5="Complete"),O5-N5,0) -> 15.686275 | S5: Write unit, integration, and contract tests with fixtures and a CI check. | T5: https://abseil.io/resources/swe-book
A6: F05 | B6: HTTP backend and API contracts | C6: Core | D6: =1 -> 1 | E6: =30 -> 30 | F6: =0 -> 0 | G6: F04 | K6: =IF(D6=0,0,IF(AND(ISNUMBER(E6),E6>=0,ISNUMBER(F6),F6>=0,F6<=1),E6*(1-F6)*(1+Settings!$B$5),0)) -> 36 | L6: =IFERROR(INDEX(Settings!$B$10:$B$12,MATCH(C6,{"Core","Practice","Delivery"},0)),0) -> 1.53 | M6: =IF(D6=0,"Skipped",IF(Settings!$B$15<>"Ready","Invalid settings",IF(OR(D6<>1,COUNTIF($A$2:$A$49,A6)<>1,NOT(ISNUMBER(E6)),E6<0,NOT(ISNUMBER(F6)),F6<0,F6>1),"Invalid input",IF(F6=1,"Complete",IF(OR(L6<=0,COUNTIFS($C$2:C5,C6,$M$2:M5,"Blocked*")+COUNTIFS($C$2:C5,C6,$M$2:M5,"Invalid*")>0,AND(G6<>"",OR(IFERROR(INDEX($D$2:$D$5,MATCH(G6,$A$2:$A$5,0)),0)<>1,IFERROR(INDEX($M$2:$M$5,MATCH(G6,$A$2:$A$5,0)),"Blocked")="Blocked",LEFT(IFERROR(INDEX($M$2:$M$5,MATCH(G6,$A$2:$A$5,0)),"Invalid"),7)="Invalid")),AND(H6<>"",OR(IFERROR(INDEX($D$2:$D$5,MATCH(H6,$A$2:$A$5,0)),0)<>1,IFERROR(INDEX($M$2:$M$5,MATCH(H6,$A$2:$A$5,0)),"Blocked")="Blocked",LEFT(IFERROR(INDEX($M$2:$M$5,MATCH(H6,$A$2:$A$5,0)),"Invalid"),7)="Invalid")),AND(I6<>"",OR(IFERROR(INDEX($D$2:$D$5,MATCH(I6,$A$2:$A$5,0)),0)<>1,IFERROR(INDEX($M$2:$M$5,MATCH(I6,$A$2:$A$5,0)),"Blocked")="Blocked",LEFT(IFERROR(INDEX($M$2:$M$5,MATCH(I6,$A$2:$A$5,0)),"Invalid"),7)="Invalid")),AND(J6<>"",OR(IFERROR(INDEX($D$2:$D$5,MATCH(J6,$A$2:$A$5,0)),0)<>1,IFERROR(INDEX($M$2:$M$5,MATCH(J6,$A$2:$A$5,0)),"Blocked")="Blocked",LEFT(IFERROR(INDEX($M$2:$M$5,MATCH(J6,$A$2:$A$5,0)),"Invalid"),7)="Invalid"))),"Blocked","Planned"))))) -> Planned | N6: =IF(M6="Skipped",O5,IF(OR(M6="Planned",M6="Complete"),MAX(O5,IF(G6="",0,IFERROR(INDEX($O$2:$O$5,MATCH(G6,$A$2:$A$5,0)),0)),IF(H6="",0,IFERROR(INDEX($O$2:$O$5,MATCH(H6,$A$2:$A$5,0)),0)),IF(I6="",0,IFERROR(INDEX($O$2:$O$5,MATCH(I6,$A$2:$A$5,0)),0)),IF(J6="",0,IFERROR(INDEX($O$2:$O$5,MATCH(J6,$A$2:$A$5,0)),0))),"")) -> 58.039216 | O6: =IF(M6="Skipped",N6,IF(OR(M6="Planned",M6="Complete"),N6+IF(K6=0,0,K6/L6),"")) -> 81.568627 | P6: =IF(AND(M6="Planned",K6>0),WORKDAY.INTL(Settings!$B$2-1,INT(N6+0.000000001)+1,Settings!$B$4,Holidays!$A$2:$A$101),"") -> 46386 | Q6: =IF(AND(M6="Planned",K6>0),WORKDAY.INTL(Settings!$B$2-1,MAX(1,ROUNDUP(O6-0.000000001,0)),Settings!$B$4,Holidays!$A$2:$A$101),"") -> 46413 | R6: =IF(OR(M6="Planned",M6="Complete"),O6-N6,0) -> 23.529412 | S6: Build a validated API and durable job workflow with explicit errors. | T6: https://roadmap.sh/backend
A7: F06 | B7: SQL relational modeling and PostgreSQL | C7: Core | D7: =1 -> 1 | E7: =32 -> 32 | F7: =0 -> 0 | G7: F03 | K7: =IF(D7=0,0,IF(AND(ISNUMBER(E7),E7>=0,ISNUMBER(F7),F7>=0,F7<=1),E7*(1-F7)*(1+Settings!$B$5),0)) -> 38.4 | L7: =IFERROR(INDEX(Settings!$B$10:$B$12,MATCH(C7,{"Core","Practice","Delivery"},0)),0) -> 1.53 | M7: =IF(D7=0,"Skipped",IF(Settings!$B$15<>"Ready","Invalid settings",IF(OR(D7<>1,COUNTIF($A$2:$A$49,A7)<>1,NOT(ISNUMBER(E7)),E7<0,NOT(ISNUMBER(F7)),F7<0,F7>1),"Invalid input",IF(F7=1,"Complete",IF(OR(L7<=0,COUNTIFS($C$2:C6,C7,$M$2:M6,"Blocked*")+COUNTIFS($C$2:C6,C7,$M$2:M6,"Invalid*")>0,AND(G7<>"",OR(IFERROR(INDEX($D$2:$D$6,MATCH(G7,$A$2:$A$6,0)),0)<>1,IFERROR(INDEX($M$2:$M$6,MATCH(G7,$A$2:$A$6,0)),"Blocked")="Blocked",LEFT(IFERROR(INDEX($M$2:$M$6,MATCH(G7,$A$2:$A$6,0)),"Invalid"),7)="Invalid")),AND(H7<>"",OR(IFERROR(INDEX($D$2:$D$6,MATCH(H7,$A$2:$A$6,0)),0)<>1,IFERROR(INDEX($M$2:$M$6,MATCH(H7,$A$2:$A$6,0)),"Blocked")="Blocked",LEFT(IFERROR(INDEX($M$2:$M$6,MATCH(H7,$A$2:$A$6,0)),"Invalid"),7)="Invalid")),AND(I7<>"",OR(IFERROR(INDEX($D$2:$D$6,MATCH(I7,$A$2:$A$6,0)),0)<>1,IFERROR(INDEX($M$2:$M$6,MATCH(I7,$A$2:$A$6,0)),"Blocked")="Blocked",LEFT(IFERROR(INDEX($M$2:$M$6,MATCH(I7,$A$2:$A$6,0)),"Invalid"),7)="Invalid")),AND(J7<>"",OR(IFERROR(INDEX($D$2:$D$6,MATCH(J7,$A$2:$A$6,0)),0)<>1,IFERROR(INDEX($M$2:$M$6,MATCH(J7,$A$2:$A$6,0)),"Blocked")="Blocked",LEFT(IFERROR(INDEX($M$2:$M$6,MATCH(J7,$A$2:$A$6,0)),"Invalid"),7)="Invalid"))),"Blocked","Planned"))))) -> Planned | N7: =IF(M7="Skipped",O6,IF(OR(M7="Planned",M7="Complete"),MAX(O6,IF(G7="",0,IFERROR(INDEX($O$2:$O$6,MATCH(G7,$A$2:$A$6,0)),0)),IF(H7="",0,IFERROR(INDEX($O$2:$O$6,MATCH(H7,$A$2:$A$6,0)),0)),IF(I7="",0,IFERROR(INDEX($O$2:$O$6,MATCH(I7,$A$2:$A$6,0)),0)),IF(J7="",0,IFERROR(INDEX($O$2:$O$6,MATCH(J7,$A$2:$A$6,0)),0))),"")) -> 81.568627 | O7: =IF(M7="Skipped",N7,IF(OR(M7="Planned",M7="Complete"),N7+IF(K7=0,0,K7/L7),"")) -> 106.66667 | P7: =IF(AND(M7="Planned",K7>0),WORKDAY.INTL(Settings!$B$2-1,INT(N7+0.000000001)+1,Settings!$B$4,Holidays!$A$2:$A$101),"") -> 46413 | Q7: =IF(AND(M7="Planned",K7>0),WORKDAY.INTL(Settings!$B$2-1,MAX(1,ROUNDUP(O7-0.000000001,0)),Settings!$B$4,Holidays!$A$2:$A$101),"") -> 46442 | R7: =IF(OR(M7="Planned",M7="Complete"),O7-N7,0) -> 25.098039 | S7: Reconcile joins, constrain data, inspect a plan, and restore a test backup. | T7: https://datalemur.com/
A8: F07 | B8: One usable frontend stack | C8: Core | D8: =1 -> 1 | E8: =32 -> 32 | F8: =0 -> 0 | G8: F05 | K8: =IF(D8=0,0,IF(AND(ISNUMBER(E8),E8>=0,ISNUMBER(F8),F8>=0,F8<=1),E8*(1-F8)*(1+Settings!$B$5),0)) -> 38.4 | L8: =IFERROR(INDEX(Settings!$B$10:$B$12,MATCH(C8,{"Core","Practice","Delivery"},0)),0) -> 1.53 | M8: =IF(D8=0,"Skipped",IF(Settings!$B$15<>"Ready","Invalid settings",IF(OR(D8<>1,COUNTIF($A$2:$A$49,A8)<>1,NOT(ISNUMBER(E8)),E8<0,NOT(ISNUMBER(F8)),F8<0,F8>1),"Invalid input",IF(F8=1,"Complete",IF(OR(L8<=0,COUNTIFS($C$2:C7,C8,$M$2:M7,"Blocked*")+COUNTIFS($C$2:C7,C8,$M$2:M7,"Invalid*")>0,AND(G8<>"",OR(IFERROR(INDEX($D$2:$D$7,MATCH(G8,$A$2:$A$7,0)),0)<>1,IFERROR(INDEX($M$2:$M$7,MATCH(G8,$A$2:$A$7,0)),"Blocked")="Blocked",LEFT(IFERROR(INDEX($M$2:$M$7,MATCH(G8,$A$2:$A$7,0)),"Invalid"),7)="Invalid")),AND(H8<>"",OR(IFERROR(INDEX($D$2:$D$7,MATCH(H8,$A$2:$A$7,0)),0)<>1,IFERROR(INDEX($M$2:$M$7,MATCH(H8,$A$2:$A$7,0)),"Blocked")="Blocked",LEFT(IFERROR(INDEX($M$2:$M$7,MATCH(H8,$A$2:$A$7,0)),"Invalid"),7)="Invalid")),AND(I8<>"",OR(IFERROR(INDEX($D$2:$D$7,MATCH(I8,$A$2:$A$7,0)),0)<>1,IFERROR(INDEX($M$2:$M$7,MATCH(I8,$A$2:$A$7,0)),"Blocked")="Blocked",LEFT(IFERROR(INDEX($M$2:$M$7,MATCH(I8,$A$2:$A$7,0)),"Invalid"),7)="Invalid")),AND(J8<>"",OR(IFERROR(INDEX($D$2:$D$7,MATCH(J8,$A$2:$A$7,0)),0)<>1,IFERROR(INDEX($M$2:$M$7,MATCH(J8,$A$2:$A$7,0)),"Blocked")="Blocked",LEFT(IFERROR(INDEX($M$2:$M$7,MATCH(J8,$A$2:$A$7,0)),"Invalid"),7)="Invalid"))),"Blocked","Planned"))))) -> Planned | N8: =IF(M8="Skipped",O7,IF(OR(M8="Planned",M8="Complete"),MAX(O7,IF(G8="",0,IFERROR(INDEX($O$2:$O$7,MATCH(G8,$A$2:$A$7,0)),0)),IF(H8="",0,IFERROR(INDEX($O$2:$O$7,MATCH(H8,$A$2:$A$7,0)),0)),IF(I8="",0,IFERROR(INDEX($O$2:$O$7,MATCH(I8,$A$2:$A$7,0)),0)),IF(J8="",0,IFERROR(INDEX($O$2:$O$7,MATCH(J8,$A$2:$A$7,0)),0))),"")) -> 106.66667 | O8: =IF(M8="Skipped",N8,IF(OR(M8="Planned",M8="Complete"),N8+IF(K8=0,0,K8/L8),"")) -> 131.76471 | P8: =IF(AND(M8="Planned",K8>0),WORKDAY.INTL(Settings!$B$2-1,INT(N8+0.000000001)+1,Settings!$B$4,Holidays!$A$2:$A$101),"") -> 46442 | Q8: =IF(AND(M8="Planned",K8>0),WORKDAY.INTL(Settings!$B$2-1,MAX(1,ROUNDUP(O8-0.000000001,0)),Settings!$B$4,Holidays!$A$2:$A$101),"") -> 46471 | R8: =IF(OR(M8="Planned",M8="Complete"),O8-N8,0) -> 25.098039 | S8: Complete an accessible review flow including failure and loading states. | T8: https://roadmap.sh/frontend
A9: F08 | B9: Data lifecycle pipelines and quality | C9: Core | D9: =1 -> 1 | E9: =28 -> 28 | F9: =0 -> 0 | G9: F06 | H9: F04 | K9: =IF(D9=0,0,IF(AND(ISNUMBER(E9),E9>=0,ISNUMBER(F9),F9>=0,F9<=1),E9*(1-F9)*(1+Settings!$B$5),0)) -> 33.6 | L9: =IFERROR(INDEX(Settings!$B$10:$B$12,MATCH(C9,{"Core","Practice","Delivery"},0)),0) -> 1.53 | M9: =IF(D9=0,"Skipped",IF(Settings!$B$15<>"Ready","Invalid settings",IF(OR(D9<>1,COUNTIF($A$2:$A$49,A9)<>1,NOT(ISNUMBER(E9)),E9<0,NOT(ISNUMBER(F9)),F9<0,F9>1),"Invalid input",IF(F9=1,"Complete",IF(OR(L9<=0,COUNTIFS($C$2:C8,C9,$M$2:M8,"Blocked*")+COUNTIFS($C$2:C8,C9,$M$2:M8,"Invalid*")>0,AND(G9<>"",OR(IFERROR(INDEX($D$2:$D$8,MATCH(G9,$A$2:$A$8,0)),0)<>1,IFERROR(INDEX($M$2:$M$8,MATCH(G9,$A$2:$A$8,0)),"Blocked")="Blocked",LEFT(IFERROR(INDEX($M$2:$M$8,MATCH(G9,$A$2:$A$8,0)),"Invalid"),7)="Invalid")),AND(H9<>"",OR(IFERROR(INDEX($D$2:$D$8,MATCH(H9,$A$2:$A$8,0)),0)<>1,IFERROR(INDEX($M$2:$M$8,MATCH(H9,$A$2:$A$8,0)),"Blocked")="Blocked",LEFT(IFERROR(INDEX($M$2:$M$8,MATCH(H9,$A$2:$A$8,0)),"Invalid"),7)="Invalid")),AND(I9<>"",OR(IFERROR(INDEX($D$2:$D$8,MATCH(I9,$A$2:$A$8,0)),0)<>1,IFERROR(INDEX($M$2:$M$8,MATCH(I9,$A$2:$A$8,0)),"Blocked")="Blocked",LEFT(IFERROR(INDEX($M$2:$M$8,MATCH(I9,$A$2:$A$8,0)),"Invalid"),7)="Invalid")),AND(J9<>"",OR(IFERROR(INDEX($D$2:$D$8,MATCH(J9,$A$2:$A$8,0)),0)<>1,IFERROR(INDEX($M$2:$M$8,MATCH(J9,$A$2:$A$8,0)),"Blocked")="Blocked",LEFT(IFERROR(INDEX($M$2:$M$8,MATCH(J9,$A$2:$A$8,0)),"Invalid"),7)="Invalid"))),"Blocked","Planned"))))) -> Planned | N9: =IF(M9="Skipped",O8,IF(OR(M9="Planned",M9="Complete"),MAX(O8,IF(G9="",0,IFERROR(INDEX($O$2:$O$8,MATCH(G9,$A$2:$A$8,0)),0)),IF(H9="",0,IFERROR(INDEX($O$2:$O$8,MATCH(H9,$A$2:$A$8,0)),0)),IF(I9="",0,IFERROR(INDEX($O$2:$O$8,MATCH(I9,$A$2:$A$8,0)),0)),IF(J9="",0,IFERROR(INDEX($O$2:$O$8,MATCH(J9,$A$2:$A$8,0)),0))),"")) -> 131.76471 | O9: =IF(M9="Skipped",N9,IF(OR(M9="Planned",M9="Complete"),N9+IF(K9=0,0,K9/L9),"")) -> 153.72549 | P9: =IF(AND(M9="Planned",K9>0),WORKDAY.INTL(Settings!$B$2-1,INT(N9+0.000000001)+1,Settings!$B$4,Holidays!$A$2:$A$101),"") -> 46471 | Q9: =IF(AND(M9="Planned",K9>0),WORKDAY.INTL(Settings!$B$2-1,MAX(1,ROUNDUP(O9-0.000000001,0)),Settings!$B$4,Holidays!$A$2:$A$101),"") -> 46497 | R9: =IF(OR(M9="Planned",M9="Complete"),O9-N9,0) -> 21.960784 | S9: Trace a serving record to source and replay data without duplication. | T9: https://roadmap.sh/data-engineer
A10: B01 | B10: Linear algebra and numerical reasoning bridge | C10: Core | D10: =1 -> 1 | E10: =18 -> 18 | F10: =0 -> 0 | G10: F02 | K10: =IF(D10=0,0,IF(AND(ISNUMBER(E10),E10>=0,ISNUMBER(F10),F10>=0,F10<=1),E10*(1-F10)*(1+Settings!$B$5),0)) -> 21.6 | L10: =IFERROR(INDEX(Settings!$B$10:$B$12,MATCH(C10,{"Core","Practice","Delivery"},0)),0) -> 1.53 | M10: =IF(D10=0,"Skipped",IF(Settings!$B$15<>"Ready","Invalid settings",IF(OR(D10<>1,COUNTIF($A$2:$A$49,A10)<>1,NOT(ISNUMBER(E10)),E10<0,NOT(ISNUMBER(F10)),F10<0,F10>1),"Invalid input",IF(F10=1,"Complete",IF(OR(L10<=0,COUNTIFS($C$2:C9,C10,$M$2:M9,"Blocked*")+COUNTIFS($C$2:C9,C10,$M$2:M9,"Invalid*")>0,AND(G10<>"",OR(IFERROR(INDEX($D$2:$D$9,MATCH(G10,$A$2:$A$9,0)),0)<>1,IFERROR(INDEX($M$2:$M$9,MATCH(G10,$A$2:$A$9,0)),"Blocked")="Blocked",LEFT(IFERROR(INDEX($M$2:$M$9,MATCH(G10,$A$2:$A$9,0)),"Invalid"),7)="Invalid")),AND(H10<>"",OR(IFERROR(INDEX($D$2:$D$9,MATCH(H10,$A$2:$A$9,0)),0)<>1,IFERROR(INDEX($M$2:$M$9,MATCH(H10,$A$2:$A$9,0)),"Blocked")="Blocked",LEFT(IFERROR(INDEX($M$2:$M$9,MATCH(H10,$A$2:$A$9,0)),"Invalid"),7)="Invalid")),AND(I10<>"",OR(IFERROR(INDEX($D$2:$D$9,MATCH(I10,$A$2:$A$9,0)),0)<>1,IFERROR(INDEX($M$2:$M$9,MATCH(I10,$A$2:$A$9,0)),"Blocked")="Blocked",LEFT(IFERROR(INDEX($M$2:$M$9,MATCH(I10,$A$2:$A$9,0)),"Invalid"),7)="Invalid")),AND(J10<>"",OR(IFERROR(INDEX($D$2:$D$9,MATCH(J10,$A$2:$A$9,0)),0)<>1,IFERROR(INDEX($M$2:$M$9,MATCH(J10,$A$2:$A$9,0)),"Blocked")="Blocked",LEFT(IFERROR(INDEX($M$2:$M$9,MATCH(J10,$A$2:$A$9,0)),"Invalid"),7)="Invalid"))),"Blocked","Planned"))))) -> Planned | N10: =IF(M10="Skipped",O9,IF(OR(M10="Planned",M10="Complete"),MAX(O9,IF(G10="",0,IFERROR(INDEX($O$2:$O$9,MATCH(G10,$A$2:$A$9,0)),0)),IF(H10="",0,IFERROR(INDEX($O$2:$O$9,MATCH(H10,$A$2:$A$9,0)),0)),IF(I10="",0,IFERROR(INDEX($O$2:$O$9,MATCH(I10,$A$2:$A$9,0)),0)),IF(J10="",0,IFERROR(INDEX($O$2:$O$9,MATCH(J10,$A$2:$A$9,0)),0))),"")) -> 153.72549 | O10: =IF(M10="Skipped",N10,IF(OR(M10="Planned",M10="Complete"),N10+IF(K10=0,0,K10/L10),"")) -> 167.84314 | P10: =IF(AND(M10="Planned",K10>0),WORKDAY.INTL(Settings!$B$2-1,INT(N10+0.000000001)+1,Settings!$B$4,Holidays!$A$2:$A$101),"") -> 46497 | Q10: =IF(AND(M10="Planned",K10>0),WORKDAY.INTL(Settings!$B$2-1,MAX(1,ROUNDUP(O10-0.000000001,0)),Settings!$B$4,Holidays!$A$2:$A$101),"") -> 46513 | R10: =IF(OR(M10="Planned",M10="Complete"),O10-N10,0) -> 14.117647 | S10: Test matrix shapes, normalization, similarity, and zero-vector behavior. | T10: https://www.deep-ml.com/paths
A11: B02 | B11: Probability statistics and uncertainty bridge | C11: Core | D11: =1 -> 1 | E11: =20 -> 20 | F11: =0 -> 0 | G11: B01 | K11: =IF(D11=0,0,IF(AND(ISNUMBER(E11),E11>=0,ISNUMBER(F11),F11>=0,F11<=1),E11*(1-F11)*(1+Settings!$B$5),0)) -> 24 | L11: =IFERROR(INDEX(Settings!$B$10:$B$12,MATCH(C11,{"Core","Practice","Delivery"},0)),0) -> 1.53 | M11: =IF(D11=0,"Skipped",IF(Settings!$B$15<>"Ready","Invalid settings",IF(OR(D11<>1,COUNTIF($A$2:$A$49,A11)<>1,NOT(ISNUMBER(E11)),E11<0,NOT(ISNUMBER(F11)),F11<0,F11>1),"Invalid input",IF(F11=1,"Complete",IF(OR(L11<=0,COUNTIFS($C$2:C10,C11,$M$2:M10,"Blocked*")+COUNTIFS($C$2:C10,C11,$M$2:M10,"Invalid*")>0,AND(G11<>"",OR(IFERROR(INDEX($D$2:$D$10,MATCH(G11,$A$2:$A$10,0)),0)<>1,IFERROR(INDEX($M$2:$M$10,MATCH(G11,$A$2:$A$10,0)),"Blocked")="Blocked",LEFT(IFERROR(INDEX($M$2:$M$10,MATCH(G11,$A$2:$A$10,0)),"Invalid"),7)="Invalid")),AND(H11<>"",OR(IFERROR(INDEX($D$2:$D$10,MATCH(H11,$A$2:$A$10,0)),0)<>1,IFERROR(INDEX($M$2:$M$10,MATCH(H11,$A$2:$A$10,0)),"Blocked")="Blocked",LEFT(IFERROR(INDEX($M$2:$M$10,MATCH(H11,$A$2:$A$10,0)),"Invalid"),7)="Invalid")),AND(I11<>"",OR(IFERROR(INDEX($D$2:$D$10,MATCH(I11,$A$2:$A$10,0)),0)<>1,IFERROR(INDEX($M$2:$M$10,MATCH(I11,$A$2:$A$10,0)),"Blocked")="Blocked",LEFT(IFERROR(INDEX($M$2:$M$10,MATCH(I11,$A$2:$A$10,0)),"Invalid"),7)="Invalid")),AND(J11<>"",OR(IFERROR(INDEX($D$2:$D$10,MATCH(J11,$A$2:$A$10,0)),0)<>1,IFERROR(INDEX($M$2:$M$10,MATCH(J11,$A$2:$A$10,0)),"Blocked")="Blocked",LEFT(IFERROR(INDEX($M$2:$M$10,MATCH(J11,$A$2:$A$10,0)),"Invalid"),7)="Invalid"))),"Blocked","Planned"))))) -> Planned | N11: =IF(M11="Skipped",O10,IF(OR(M11="Planned",M11="Complete"),MAX(O10,IF(G11="",0,IFERROR(INDEX($O$2:$O$10,MATCH(G11,$A$2:$A$10,0)),0)),IF(H11="",0,IFERROR(INDEX($O$2:$O$10,MATCH(H11,$A$2:$A$10,0)),0)),IF(I11="",0,IFERROR(INDEX($O$2:$O$10,MATCH(I11,$A$2:$A$10,0)),0)),IF(J11="",0,IFERROR(INDEX($O$2:$O$10,MATCH(J11,$A$2:$A$10,0)),0))),"")) -> 167.84314 | O11: =IF(M11="Skipped",N11,IF(OR(M11="Planned",M11="Complete"),N11+IF(K11=0,0,K11/L11),"")) -> 183.52941 | P11: =IF(AND(M11="Planned",K11>0),WORKDAY.INTL(Settings!$B$2-1,INT(N11+0.000000001)+1,Settings!$B$4,Holidays!$A$2:$A$101),"") -> 46513 | Q11: =IF(AND(M11="Planned",K11>0),WORKDAY.INTL(Settings!$B$2-1,MAX(1,ROUNDUP(O11-0.000000001,0)),Settings!$B$4,Holidays!$A$2:$A$101),"") -> 46532 | R11: =IF(OR(M11="Planned",M11="Complete"),O11-N11,0) -> 15.686275 | S11: Explain base rates, sampling uncertainty, and a confidence interval. | T11: https://www.deep-ml.com/paths
A12: B03 | B12: NumPy pandas and data manipulation bridge | C12: Core | D12: =1 -> 1 | E12: =18 -> 18 | F12: =0 -> 0 | G12: B01 | H12: F06 | K12: =IF(D12=0,0,IF(AND(ISNUMBER(E12),E12>=0,ISNUMBER(F12),F12>=0,F12<=1),E12*(1-F12)*(1+Settings!$B$5),0)) -> 21.6 | L12: =IFERROR(INDEX(Settings!$B$10:$B$12,MATCH(C12,{"Core","Practice","Delivery"},0)),0) -> 1.53 | M12: =IF(D12=0,"Skipped",IF(Settings!$B$15<>"Ready","Invalid settings",IF(OR(D12<>1,COUNTIF($A$2:$A$49,A12)<>1,NOT(ISNUMBER(E12)),E12<0,NOT(ISNUMBER(F12)),F12<0,F12>1),"Invalid input",IF(F12=1,"Complete",IF(OR(L12<=0,COUNTIFS($C$2:C11,C12,$M$2:M11,"Blocked*")+COUNTIFS($C$2:C11,C12,$M$2:M11,"Invalid*")>0,AND(G12<>"",OR(IFERROR(INDEX($D$2:$D$11,MATCH(G12,$A$2:$A$11,0)),0)<>1,IFERROR(INDEX($M$2:$M$11,MATCH(G12,$A$2:$A$11,0)),"Blocked")="Blocked",LEFT(IFERROR(INDEX($M$2:$M$11,MATCH(G12,$A$2:$A$11,0)),"Invalid"),7)="Invalid")),AND(H12<>"",OR(IFERROR(INDEX($D$2:$D$11,MATCH(H12,$A$2:$A$11,0)),0)<>1,IFERROR(INDEX($M$2:$M$11,MATCH(H12,$A$2:$A$11,0)),"Blocked")="Blocked",LEFT(IFERROR(INDEX($M$2:$M$11,MATCH(H12,$A$2:$A$11,0)),"Invalid"),7)="Invalid")),AND(I12<>"",OR(IFERROR(INDEX($D$2:$D$11,MATCH(I12,$A$2:$A$11,0)),0)<>1,IFERROR(INDEX($M$2:$M$11,MATCH(I12,$A$2:$A$11,0)),"Blocked")="Blocked",LEFT(IFERROR(INDEX($M$2:$M$11,MATCH(I12,$A$2:$A$11,0)),"Invalid"),7)="Invalid")),AND(J12<>"",OR(IFERROR(INDEX($D$2:$D$11,MATCH(J12,$A$2:$A$11,0)),0)<>1,IFERROR(INDEX($M$2:$M$11,MATCH(J12,$A$2:$A$11,0)),"Blocked")="Blocked",LEFT(IFERROR(INDEX($M$2:$M$11,MATCH(J12,$A$2:$A$11,0)),"Invalid"),7)="Invalid"))),"Blocked","Planned"))))) -> Planned | N12: =IF(M12="Skipped",O11,IF(OR(M12="Planned",M12="Complete"),MAX(O11,IF(G12="",0,IFERROR(INDEX($O$2:$O$11,MATCH(G12,$A$2:$A$11,0)),0)),IF(H12="",0,IFERROR(INDEX($O$2:$O$11,MATCH(H12,$A$2:$A$11,0)),0)),IF(I12="",0,IFERROR(INDEX($O$2:$O$11,MATCH(I12,$A$2:$A$11,0)),0)),IF(J12="",0,IFERROR(INDEX($O$2:$O$11,MATCH(J12,$A$2:$A$11,0)),0))),"")) -> 183.52941 | O12: =IF(M12="Skipped",N12,IF(OR(M12="Planned",M12="Complete"),N12+IF(K12=0,0,K12/L12),"")) -> 197.64706 | P12: =IF(AND(M12="Planned",K12>0),WORKDAY.INTL(Settings!$B$2-1,INT(N12+0.000000001)+1,Settings!$B$4,Holidays!$A$2:$A$101),"") -> 46532 | Q12: =IF(AND(M12="Planned",K12>0),WORKDAY.INTL(Settings!$B$2-1,MAX(1,ROUNDUP(O12-0.000000001,0)),Settings!$B$4,Holidays!$A$2:$A$101),"") -> 46548 | R12: =IF(OR(M12="Planned",M12="Complete"),O12-N12,0) -> 14.117647 | S12: Produce a reproducible audit with missing data and duplicate-key checks. | T12: https://www.deep-ml.com/paths
A13: B04 | B13: Calculus gradients and optimization bridge | C13: Core | D13: =1 -> 1 | E13: =12 -> 12 | F13: =0 -> 0 | G13: B01 | K13: =IF(D13=0,0,IF(AND(ISNUMBER(E13),E13>=0,ISNUMBER(F13),F13>=0,F13<=1),E13*(1-F13)*(1+Settings!$B$5),0)) -> 14.4 | L13: =IFERROR(INDEX(Settings!$B$10:$B$12,MATCH(C13,{"Core","Practice","Delivery"},0)),0) -> 1.53 | M13: =IF(D13=0,"Skipped",IF(Settings!$B$15<>"Ready","Invalid settings",IF(OR(D13<>1,COUNTIF($A$2:$A$49,A13)<>1,NOT(ISNUMBER(E13)),E13<0,NOT(ISNUMBER(F13)),F13<0,F13>1),"Invalid input",IF(F13=1,"Complete",IF(OR(L13<=0,COUNTIFS($C$2:C12,C13,$M$2:M12,"Blocked*")+COUNTIFS($C$2:C12,C13,$M$2:M12,"Invalid*")>0,AND(G13<>"",OR(IFERROR(INDEX($D$2:$D$12,MATCH(G13,$A$2:$A$12,0)),0)<>1,IFERROR(INDEX($M$2:$M$12,MATCH(G13,$A$2:$A$12,0)),"Blocked")="Blocked",LEFT(IFERROR(INDEX($M$2:$M$12,MATCH(G13,$A$2:$A$12,0)),"Invalid"),7)="Invalid")),AND(H13<>"",OR(IFERROR(INDEX($D$2:$D$12,MATCH(H13,$A$2:$A$12,0)),0)<>1,IFERROR(INDEX($M$2:$M$12,MATCH(H13,$A$2:$A$12,0)),"Blocked")="Blocked",LEFT(IFERROR(INDEX($M$2:$M$12,MATCH(H13,$A$2:$A$12,0)),"Invalid"),7)="Invalid")),AND(I13<>"",OR(IFERROR(INDEX($D$2:$D$12,MATCH(I13,$A$2:$A$12,0)),0)<>1,IFERROR(INDEX($M$2:$M$12,MATCH(I13,$A$2:$A$12,0)),"Blocked")="Blocked",LEFT(IFERROR(INDEX($M$2:$M$12,MATCH(I13,$A$2:$A$12,0)),"Invalid"),7)="Invalid")),AND(J13<>"",OR(IFERROR(INDEX($D$2:$D$12,MATCH(J13,$A$2:$A$12,0)),0)<>1,IFERROR(INDEX($M$2:$M$12,MATCH(J13,$A$2:$A$12,0)),"Blocked")="Blocked",LEFT(IFERROR(INDEX($M$2:$M$12,MATCH(J13,$A$2:$A$12,0)),"Invalid"),7)="Invalid"))),"Blocked","Planned"))))) -> Planned | N13: =IF(M13="Skipped",O12,IF(OR(M13="Planned",M13="Complete"),MAX(O12,IF(G13="",0,IFERROR(INDEX($O$2:$O$12,MATCH(G13,$A$2:$A$12,0)),0)),IF(H13="",0,IFERROR(INDEX($O$2:$O$12,MATCH(H13,$A$2:$A$12,0)),0)),IF(I13="",0,IFERROR(INDEX($O$2:$O$12,MATCH(I13,$A$2:$A$12,0)),0)),IF(J13="",0,IFERROR(INDEX($O$2:$O$12,MATCH(J13,$A$2:$A$12,0)),0))),"")) -> 197.64706 | O13: =IF(M13="Skipped",N13,IF(OR(M13="Planned",M13="Complete"),N13+IF(K13=0,0,K13/L13),"")) -> 207.05882 | P13: =IF(AND(M13="Planned",K13>0),WORKDAY.INTL(Settings!$B$2-1,INT(N13+0.000000001)+1,Settings!$B$4,Holidays!$A$2:$A$101),"") -> 46548 | Q13: =IF(AND(M13="Planned",K13>0),WORKDAY.INTL(Settings!$B$2-1,MAX(1,ROUNDUP(O13-0.000000001,0)),Settings!$B$4,Holidays!$A$2:$A$101),"") -> 46560 | R13: =IF(OR(M13="Planned",M13="Complete"),O13-N13,0) -> 9.4117647 | S13: Implement and check one gradient update and learning-rate failure. | T13: https://www.deep-ml.com/paths
A14: B05 | B14: Classical ML baselines and leakage bridge | C14: Core | D14: =1 -> 1 | E14: =26 -> 26 | F14: =0 -> 0 | G14: B02 | H14: B03 | I14: B04 | K14: =IF(D14=0,0,IF(AND(ISNUMBER(E14),E14>=0,ISNUMBER(F14),F14>=0,F14<=1),E14*(1-F14)*(1+Settings!$B$5),0)) -> 31.2 | L14: =IFERROR(INDEX(Settings!$B$10:$B$12,MATCH(C14,{"Core","Practice","Delivery"},0)),0) -> 1.53 | M14: =IF(D14=0,"Skipped",IF(Settings!$B$15<>"Ready","Invalid settings",IF(OR(D14<>1,COUNTIF($A$2:$A$49,A14)<>1,NOT(ISNUMBER(E14)),E14<0,NOT(ISNUMBER(F14)),F14<0,F14>1),"Invalid input",IF(F14=1,"Complete",IF(OR(L14<=0,COUNTIFS($C$2:C13,C14,$M$2:M13,"Blocked*")+COUNTIFS($C$2:C13,C14,$M$2:M13,"Invalid*")>0,AND(G14<>"",OR(IFERROR(INDEX($D$2:$D$13,MATCH(G14,$A$2:$A$13,0)),0)<>1,IFERROR(INDEX($M$2:$M$13,MATCH(G14,$A$2:$A$13,0)),"Blocked")="Blocked",LEFT(IFERROR(INDEX($M$2:$M$13,MATCH(G14,$A$2:$A$13,0)),"Invalid"),7)="Invalid")),AND(H14<>"",OR(IFERROR(INDEX($D$2:$D$13,MATCH(H14,$A$2:$A$13,0)),0)<>1,IFERROR(INDEX($M$2:$M$13,MATCH(H14,$A$2:$A$13,0)),"Blocked")="Blocked",LEFT(IFERROR(INDEX($M$2:$M$13,MATCH(H14,$A$2:$A$13,0)),"Invalid"),7)="Invalid")),AND(I14<>"",OR(IFERROR(INDEX($D$2:$D$13,MATCH(I14,$A$2:$A$13,0)),0)<>1,IFERROR(INDEX($M$2:$M$13,MATCH(I14,$A$2:$A$13,0)),"Blocked")="Blocked",LEFT(IFERROR(INDEX($M$2:$M$13,MATCH(I14,$A$2:$A$13,0)),"Invalid"),7)="Invalid")),AND(J14<>"",OR(IFERROR(INDEX($D$2:$D$13,MATCH(J14,$A$2:$A$13,0)),0)<>1,IFERROR(INDEX($M$2:$M$13,MATCH(J14,$A$2:$A$13,0)),"Blocked")="Blocked",LEFT(IFERROR(INDEX($M$2:$M$13,MATCH(J14,$A$2:$A$13,0)),"Invalid"),7)="Invalid"))),"Blocked","Planned"))))) -> Planned | N14: =IF(M14="Skipped",O13,IF(OR(M14="Planned",M14="Complete"),MAX(O13,IF(G14="",0,IFERROR(INDEX($O$2:$O$13,MATCH(G14,$A$2:$A$13,0)),0)),IF(H14="",0,IFERROR(INDEX($O$2:$O$13,MATCH(H14,$A$2:$A$13,0)),0)),IF(I14="",0,IFERROR(INDEX($O$2:$O$13,MATCH(I14,$A$2:$A$13,0)),0)),IF(J14="",0,IFERROR(INDEX($O$2:$O$13,MATCH(J14,$A$2:$A$13,0)),0))),"")) -> 207.05882 | O14: =IF(M14="Skipped",N14,IF(OR(M14="Planned",M14="Complete"),N14+IF(K14=0,0,K14/L14),"")) -> 227.45098 | P14: =IF(AND(M14="Planned",K14>0),WORKDAY.INTL(Settings!$B$2-1,INT(N14+0.000000001)+1,Settings!$B$4,Holidays!$A$2:$A$101),"") -> 46560 | Q14: =IF(AND(M14="Planned",K14>0),WORKDAY.INTL(Settings!$B$2-1,MAX(1,ROUNDUP(O14-0.000000001,0)),Settings!$B$4,Holidays!$A$2:$A$101),"") -> 46583 | R14: =IF(OR(M14="Planned",M14="Complete"),O14-N14,0) -> 20.392157 | S14: Compare regression or classification against a baseline using leakage-safe splits. | T14: https://www.deep-ml.com/paths
A15: B06 | B15: Metrics thresholds and experimental reasoning bridge | C15: Core | D15: =1 -> 1 | E15: =20 -> 20 | F15: =0 -> 0 | G15: B05 | K15: =IF(D15=0,0,IF(AND(ISNUMBER(E15),E15>=0,ISNUMBER(F15),F15>=0,F15<=1),E15*(1-F15)*(1+Settings!$B$5),0)) -> 24 | L15: =IFERROR(INDEX(Settings!$B$10:$B$12,MATCH(C15,{"Core","Practice","Delivery"},0)),0) -> 1.53 | M15: =IF(D15=0,"Skipped",IF(Settings!$B$15<>"Ready","Invalid settings",IF(OR(D15<>1,COUNTIF($A$2:$A$49,A15)<>1,NOT(ISNUMBER(E15)),E15<0,NOT(ISNUMBER(F15)),F15<0,F15>1),"Invalid input",IF(F15=1,"Complete",IF(OR(L15<=0,COUNTIFS($C$2:C14,C15,$M$2:M14,"Blocked*")+COUNTIFS($C$2:C14,C15,$M$2:M14,"Invalid*")>0,AND(G15<>"",OR(IFERROR(INDEX($D$2:$D$14,MATCH(G15,$A$2:$A$14,0)),0)<>1,IFERROR(INDEX($M$2:$M$14,MATCH(G15,$A$2:$A$14,0)),"Blocked")="Blocked",LEFT(IFERROR(INDEX($M$2:$M$14,MATCH(G15,$A$2:$A$14,0)),"Invalid"),7)="Invalid")),AND(H15<>"",OR(IFERROR(INDEX($D$2:$D$14,MATCH(H15,$A$2:$A$14,0)),0)<>1,IFERROR(INDEX($M$2:$M$14,MATCH(H15,$A$2:$A$14,0)),"Blocked")="Blocked",LEFT(IFERROR(INDEX($M$2:$M$14,MATCH(H15,$A$2:$A$14,0)),"Invalid"),7)="Invalid")),AND(I15<>"",OR(IFERROR(INDEX($D$2:$D$14,MATCH(I15,$A$2:$A$14,0)),0)<>1,IFERROR(INDEX($M$2:$M$14,MATCH(I15,$A$2:$A$14,0)),"Blocked")="Blocked",LEFT(IFERROR(INDEX($M$2:$M$14,MATCH(I15,$A$2:$A$14,0)),"Invalid"),7)="Invalid")),AND(J15<>"",OR(IFERROR(INDEX($D$2:$D$14,MATCH(J15,$A$2:$A$14,0)),0)<>1,IFERROR(INDEX($M$2:$M$14,MATCH(J15,$A$2:$A$14,0)),"Blocked")="Blocked",LEFT(IFERROR(INDEX($M$2:$M$14,MATCH(J15,$A$2:$A$14,0)),"Invalid"),7)="Invalid"))),"Blocked","Planned"))))) -> Planned | N15: =IF(M15="Skipped",O14,IF(OR(M15="Planned",M15="Complete"),MAX(O14,IF(G15="",0,IFERROR(INDEX($O$2:$O$14,MATCH(G15,$A$2:$A$14,0)),0)),IF(H15="",0,IFERROR(INDEX($O$2:$O$14,MATCH(H15,$A$2:$A$14,0)),0)),IF(I15="",0,IFERROR(INDEX($O$2:$O$14,MATCH(I15,$A$2:$A$14,0)),0)),IF(J15="",0,IFERROR(INDEX($O$2:$O$14,MATCH(J15,$A$2:$A$14,0)),0))),"")) -> 227.45098 | O15: =IF(M15="Skipped",N15,IF(OR(M15="Planned",M15="Complete"),N15+IF(K15=0,0,K15/L15),"")) -> 243.13725 | P15: =IF(AND(M15="Planned",K15>0),WORKDAY.INTL(Settings!$B$2-1,INT(N15+0.000000001)+1,Settings!$B$4,Holidays!$A$2:$A$101),"") -> 46583 | Q15: =IF(AND(M15="Planned",K15>0),WORKDAY.INTL(Settings!$B$2-1,MAX(1,ROUNDUP(O15-0.000000001,0)),Settings!$B$4,Holidays!$A$2:$A$101),"") -> 46602 | R15: =IF(OR(M15="Planned",M15="Complete"),O15-N15,0) -> 15.686275 | S15: Choose task metrics and distinguish a score difference from a causal claim. | T15: https://datalemur.com/
A16: A01 | B16: LLM behavior and model selection | C16: Core | D16: =1 -> 1 | E16: =20 -> 20 | F16: =0 -> 0 | G16: B05 | K16: =IF(D16=0,0,IF(AND(ISNUMBER(E16),E16>=0,ISNUMBER(F16),F16>=0,F16<=1),E16*(1-F16)*(1+Settings!$B$5),0)) -> 24 | L16: =IFERROR(INDEX(Settings!$B$10:$B$12,MATCH(C16,{"Core","Practice","Delivery"},0)),0) -> 1.53 | M16: =IF(D16=0,"Skipped",IF(Settings!$B$15<>"Ready","Invalid settings",IF(OR(D16<>1,COUNTIF($A$2:$A$49,A16)<>1,NOT(ISNUMBER(E16)),E16<0,NOT(ISNUMBER(F16)),F16<0,F16>1),"Invalid input",IF(F16=1,"Complete",IF(OR(L16<=0,COUNTIFS($C$2:C15,C16,$M$2:M15,"Blocked*")+COUNTIFS($C$2:C15,C16,$M$2:M15,"Invalid*")>0,AND(G16<>"",OR(IFERROR(INDEX($D$2:$D$15,MATCH(G16,$A$2:$A$15,0)),0)<>1,IFERROR(INDEX($M$2:$M$15,MATCH(G16,$A$2:$A$15,0)),"Blocked")="Blocked",LEFT(IFERROR(INDEX($M$2:$M$15,MATCH(G16,$A$2:$A$15,0)),"Invalid"),7)="Invalid")),AND(H16<>"",OR(IFERROR(INDEX($D$2:$D$15,MATCH(H16,$A$2:$A$15,0)),0)<>1,IFERROR(INDEX($M$2:$M$15,MATCH(H16,$A$2:$A$15,0)),"Blocked")="Blocked",LEFT(IFERROR(INDEX($M$2:$M$15,MATCH(H16,$A$2:$A$15,0)),"Invalid"),7)="Invalid")),AND(I16<>"",OR(IFERROR(INDEX($D$2:$D$15,MATCH(I16,$A$2:$A$15,0)),0)<>1,IFERROR(INDEX($M$2:$M$15,MATCH(I16,$A$2:$A$15,0)),"Blocked")="Blocked",LEFT(IFERROR(INDEX($M$2:$M$15,MATCH(I16,$A$2:$A$15,0)),"Invalid"),7)="Invalid")),AND(J16<>"",OR(IFERROR(INDEX($D$2:$D$15,MATCH(J16,$A$2:$A$15,0)),0)<>1,IFERROR(INDEX($M$2:$M$15,MATCH(J16,$A$2:$A$15,0)),"Blocked")="Blocked",LEFT(IFERROR(INDEX($M$2:$M$15,MATCH(J16,$A$2:$A$15,0)),"Invalid"),7)="Invalid"))),"Blocked","Planned"))))) -> Planned | N16: =IF(M16="Skipped",O15,IF(OR(M16="Planned",M16="Complete"),MAX(O15,IF(G16="",0,IFERROR(INDEX($O$2:$O$15,MATCH(G16,$A$2:$A$15,0)),0)),IF(H16="",0,IFERROR(INDEX($O$2:$O$15,MATCH(H16,$A$2:$A$15,0)),0)),IF(I16="",0,IFERROR(INDEX($O$2:$O$15,MATCH(I16,$A$2:$A$15,0)),0)),IF(J16="",0,IFERROR(INDEX($O$2:$O$15,MATCH(J16,$A$2:$A$15,0)),0))),"")) -> 243.13725 | O16: =IF(M16="Skipped",N16,IF(OR(M16="Planned",M16="Complete"),N16+IF(K16=0,0,K16/L16),"")) -> 258.82353 | P16: =IF(AND(M16="Planned",K16>0),WORKDAY.INTL(Settings!$B$2-1,INT(N16+0.000000001)+1,Settings!$B$4,Holidays!$A$2:$A$101),"") -> 46602 | Q16: =IF(AND(M16="Planned",K16>0),WORKDAY.INTL(Settings!$B$2-1,MAX(1,ROUNDUP(O16-0.000000001,0)),Settings!$B$4,Holidays!$A$2:$A$101),"") -> 46619 | R16: =IF(OR(M16="Planned",M16="Complete"),O16-N16,0) -> 15.686275 | S16: Compare candidate approaches with quality, policy, latency, and cost evidence. | T16: https://roadmap.sh/ai-engineer
A17: A02 | B17: Prompt context and prompt lifecycle | C17: Core | D17: =1 -> 1 | E17: =22 -> 22 | F17: =0 -> 0 | G17: A01 | K17: =IF(D17=0,0,IF(AND(ISNUMBER(E17),E17>=0,ISNUMBER(F17),F17>=0,F17<=1),E17*(1-F17)*(1+Settings!$B$5),0)) -> 26.4 | L17: =IFERROR(INDEX(Settings!$B$10:$B$12,MATCH(C17,{"Core","Practice","Delivery"},0)),0) -> 1.53 | M17: =IF(D17=0,"Skipped",IF(Settings!$B$15<>"Ready","Invalid settings",IF(OR(D17<>1,COUNTIF($A$2:$A$49,A17)<>1,NOT(ISNUMBER(E17)),E17<0,NOT(ISNUMBER(F17)),F17<0,F17>1),"Invalid input",IF(F17=1,"Complete",IF(OR(L17<=0,COUNTIFS($C$2:C16,C17,$M$2:M16,"Blocked*")+COUNTIFS($C$2:C16,C17,$M$2:M16,"Invalid*")>0,AND(G17<>"",OR(IFERROR(INDEX($D$2:$D$16,MATCH(G17,$A$2:$A$16,0)),0)<>1,IFERROR(INDEX($M$2:$M$16,MATCH(G17,$A$2:$A$16,0)),"Blocked")="Blocked",LEFT(IFERROR(INDEX($M$2:$M$16,MATCH(G17,$A$2:$A$16,0)),"Invalid"),7)="Invalid")),AND(H17<>"",OR(IFERROR(INDEX($D$2:$D$16,MATCH(H17,$A$2:$A$16,0)),0)<>1,IFERROR(INDEX($M$2:$M$16,MATCH(H17,$A$2:$A$16,0)),"Blocked")="Blocked",LEFT(IFERROR(INDEX($M$2:$M$16,MATCH(H17,$A$2:$A$16,0)),"Invalid"),7)="Invalid")),AND(I17<>"",OR(IFERROR(INDEX($D$2:$D$16,MATCH(I17,$A$2:$A$16,0)),0)<>1,IFERROR(INDEX($M$2:$M$16,MATCH(I17,$A$2:$A$16,0)),"Blocked")="Blocked",LEFT(IFERROR(INDEX($M$2:$M$16,MATCH(I17,$A$2:$A$16,0)),"Invalid"),7)="Invalid")),AND(J17<>"",OR(IFERROR(INDEX($D$2:$D$16,MATCH(J17,$A$2:$A$16,0)),0)<>1,IFERROR(INDEX($M$2:$M$16,MATCH(J17,$A$2:$A$16,0)),"Blocked")="Blocked",LEFT(IFERROR(INDEX($M$2:$M$16,MATCH(J17,$A$2:$A$16,0)),"Invalid"),7)="Invalid"))),"Blocked","Planned"))))) -> Planned | N17: =IF(M17="Skipped",O16,IF(OR(M17="Planned",M17="Complete"),MAX(O16,IF(G17="",0,IFERROR(INDEX($O$2:$O$16,MATCH(G17,$A$2:$A$16,0)),0)),IF(H17="",0,IFERROR(INDEX($O$2:$O$16,MATCH(H17,$A$2:$A$16,0)),0)),IF(I17="",0,IFERROR(INDEX($O$2:$O$16,MATCH(I17,$A$2:$A$16,0)),0)),IF(J17="",0,IFERROR(INDEX($O$2:$O$16,MATCH(J17,$A$2:$A$16,0)),0))),"")) -> 258.82353 | O17: =IF(M17="Skipped",N17,IF(OR(M17="Planned",M17="Complete"),N17+IF(K17=0,0,K17/L17),"")) -> 276.07843 | P17: =IF(AND(M17="Planned",K17>0),WORKDAY.INTL(Settings!$B$2-1,INT(N17+0.000000001)+1,Settings!$B$4,Holidays!$A$2:$A$101),"") -> 46619 | Q17: =IF(AND(M17="Planned",K17>0),WORKDAY.INTL(Settings!$B$2-1,MAX(1,ROUNDUP(O17-0.000000001,0)),Settings!$B$4,Holidays!$A$2:$A$101),"") -> 46640 | R17: =IF(OR(M17="Planned",M17="Complete"),O17-N17,0) -> 17.254902 | S17: Version a schema-constrained prompt and a permission-filtered context packet. | T17: https://roadmap.sh/prompt-engineering
A18: A03 | B18: Retrieval embeddings and vector stores | C18: Core | D18: =1 -> 1 | E18: =30 -> 30 | F18: =0 -> 0 | G18: A02 | H18: F08 | K18: =IF(D18=0,0,IF(AND(ISNUMBER(E18),E18>=0,ISNUMBER(F18),F18>=0,F18<=1),E18*(1-F18)*(1+Settings!$B$5),0)) -> 36 | L18: =IFERROR(INDEX(Settings!$B$10:$B$12,MATCH(C18,{"Core","Practice","Delivery"},0)),0) -> 1.53 | M18: =IF(D18=0,"Skipped",IF(Settings!$B$15<>"Ready","Invalid settings",IF(OR(D18<>1,COUNTIF($A$2:$A$49,A18)<>1,NOT(ISNUMBER(E18)),E18<0,NOT(ISNUMBER(F18)),F18<0,F18>1),"Invalid input",IF(F18=1,"Complete",IF(OR(L18<=0,COUNTIFS($C$2:C17,C18,$M$2:M17,"Blocked*")+COUNTIFS($C$2:C17,C18,$M$2:M17,"Invalid*")>0,AND(G18<>"",OR(IFERROR(INDEX($D$2:$D$17,MATCH(G18,$A$2:$A$17,0)),0)<>1,IFERROR(INDEX($M$2:$M$17,MATCH(G18,$A$2:$A$17,0)),"Blocked")="Blocked",LEFT(IFERROR(INDEX($M$2:$M$17,MATCH(G18,$A$2:$A$17,0)),"Invalid"),7)="Invalid")),AND(H18<>"",OR(IFERROR(INDEX($D$2:$D$17,MATCH(H18,$A$2:$A$17,0)),0)<>1,IFERROR(INDEX($M$2:$M$17,MATCH(H18,$A$2:$A$17,0)),"Blocked")="Blocked",LEFT(IFERROR(INDEX($M$2:$M$17,MATCH(H18,$A$2:$A$17,0)),"Invalid"),7)="Invalid")),AND(I18<>"",OR(IFERROR(INDEX($D$2:$D$17,MATCH(I18,$A$2:$A$17,0)),0)<>1,IFERROR(INDEX($M$2:$M$17,MATCH(I18,$A$2:$A$17,0)),"Blocked")="Blocked",LEFT(IFERROR(INDEX($M$2:$M$17,MATCH(I18,$A$2:$A$17,0)),"Invalid"),7)="Invalid")),AND(J18<>"",OR(IFERROR(INDEX($D$2:$D$17,MATCH(J18,$A$2:$A$17,0)),0)<>1,IFERROR(INDEX($M$2:$M$17,MATCH(J18,$A$2:$A$17,0)),"Blocked")="Blocked",LEFT(IFERROR(INDEX($M$2:$M$17,MATCH(J18,$A$2:$A$17,0)),"Invalid"),7)="Invalid"))),"Blocked","Planned"))))) -> Planned | N18: =IF(M18="Skipped",O17,IF(OR(M18="Planned",M18="Complete"),MAX(O17,IF(G18="",0,IFERROR(INDEX($O$2:$O$17,MATCH(G18,$A$2:$A$17,0)),0)),IF(H18="",0,IFERROR(INDEX($O$2:$O$17,MATCH(H18,$A$2:$A$17,0)),0)),IF(I18="",0,IFERROR(INDEX($O$2:$O$17,MATCH(I18,$A$2:$A$17,0)),0)),IF(J18="",0,IFERROR(INDEX($O$2:$O$17,MATCH(J18,$A$2:$A$17,0)),0))),"")) -> 276.07843 | O18: =IF(M18="Skipped",N18,IF(OR(M18="Planned",M18="Complete"),N18+IF(K18=0,0,K18/L18),"")) -> 299.60784 | P18: =IF(AND(M18="Planned",K18>0),WORKDAY.INTL(Settings!$B$2-1,INT(N18+0.000000001)+1,Settings!$B$4,Holidays!$A$2:$A$101),"") -> 46640 | Q18: =IF(AND(M18="Planned",K18>0),WORKDAY.INTL(Settings!$B$2-1,MAX(1,ROUNDUP(O18-0.000000001,0)),Settings!$B$4,Holidays!$A$2:$A$101),"") -> 46667 | R18: =IF(OR(M18="Planned",M18="Complete"),O18-N18,0) -> 23.529412 | S18: Measure retrieval separately and verify citation support and tenant isolation. | T18: https://roadmap.sh/ai-engineer
A19: A04 | B19: Evaluation pipelines and regression analysis | C19: Core | D19: =1 -> 1 | E19: =26 -> 26 | F19: =0 -> 0 | G19: A03 | H19: B06 | K19: =IF(D19=0,0,IF(AND(ISNUMBER(E19),E19>=0,ISNUMBER(F19),F19>=0,F19<=1),E19*(1-F19)*(1+Settings!$B$5),0)) -> 31.2 | L19: =IFERROR(INDEX(Settings!$B$10:$B$12,MATCH(C19,{"Core","Practice","Delivery"},0)),0) -> 1.53 | M19: =IF(D19=0,"Skipped",IF(Settings!$B$15<>"Ready","Invalid settings",IF(OR(D19<>1,COUNTIF($A$2:$A$49,A19)<>1,NOT(ISNUMBER(E19)),E19<0,NOT(ISNUMBER(F19)),F19<0,F19>1),"Invalid input",IF(F19=1,"Complete",IF(OR(L19<=0,COUNTIFS($C$2:C18,C19,$M$2:M18,"Blocked*")+COUNTIFS($C$2:C18,C19,$M$2:M18,"Invalid*")>0,AND(G19<>"",OR(IFERROR(INDEX($D$2:$D$18,MATCH(G19,$A$2:$A$18,0)),0)<>1,IFERROR(INDEX($M$2:$M$18,MATCH(G19,$A$2:$A$18,0)),"Blocked")="Blocked",LEFT(IFERROR(INDEX($M$2:$M$18,MATCH(G19,$A$2:$A$18,0)),"Invalid"),7)="Invalid")),AND(H19<>"",OR(IFERROR(INDEX($D$2:$D$18,MATCH(H19,$A$2:$A$18,0)),0)<>1,IFERROR(INDEX($M$2:$M$18,MATCH(H19,$A$2:$A$18,0)),"Blocked")="Blocked",LEFT(IFERROR(INDEX($M$2:$M$18,MATCH(H19,$A$2:$A$18,0)),"Invalid"),7)="Invalid")),AND(I19<>"",OR(IFERROR(INDEX($D$2:$D$18,MATCH(I19,$A$2:$A$18,0)),0)<>1,IFERROR(INDEX($M$2:$M$18,MATCH(I19,$A$2:$A$18,0)),"Blocked")="Blocked",LEFT(IFERROR(INDEX($M$2:$M$18,MATCH(I19,$A$2:$A$18,0)),"Invalid"),7)="Invalid")),AND(J19<>"",OR(IFERROR(INDEX($D$2:$D$18,MATCH(J19,$A$2:$A$18,0)),0)<>1,IFERROR(INDEX($M$2:$M$18,MATCH(J19,$A$2:$A$18,0)),"Blocked")="Blocked",LEFT(IFERROR(INDEX($M$2:$M$18,MATCH(J19,$A$2:$A$18,0)),"Invalid"),7)="Invalid"))),"Blocked","Planned"))))) -> Planned | N19: =IF(M19="Skipped",O18,IF(OR(M19="Planned",M19="Complete"),MAX(O18,IF(G19="",0,IFERROR(INDEX($O$2:$O$18,MATCH(G19,$A$2:$A$18,0)),0)),IF(H19="",0,IFERROR(INDEX($O$2:$O$18,MATCH(H19,$A$2:$A$18,0)),0)),IF(I19="",0,IFERROR(INDEX($O$2:$O$18,MATCH(I19,$A$2:$A$18,0)),0)),IF(J19="",0,IFERROR(INDEX($O$2:$O$18,MATCH(J19,$A$2:$A$18,0)),0))),"")) -> 299.60784 | O19: =IF(M19="Skipped",N19,IF(OR(M19="Planned",M19="Complete"),N19+IF(K19=0,0,K19/L19),"")) -> 320 | P19: =IF(AND(M19="Planned",K19>0),WORKDAY.INTL(Settings!$B$2-1,INT(N19+0.000000001)+1,Settings!$B$4,Holidays!$A$2:$A$101),"") -> 46667 | Q19: =IF(AND(M19="Planned",K19>0),WORKDAY.INTL(Settings!$B$2-1,MAX(1,ROUNDUP(O19-0.000000001,0)),Settings!$B$4,Holidays!$A$2:$A$101),"") -> 46690 | R19: =IF(OR(M19="Planned",M19="Complete"),O19-N19,0) -> 20.392157 | S19: Produce a versioned held-out report with errors separate from poor scores. | T19: https://eugeneyan.com/writing/
A20: S01 | B20: Authentication API and system security | C20: Core | D20: =1 -> 1 | E20: =24 -> 24 | F20: =0 -> 0 | G20: F05 | K20: =IF(D20=0,0,IF(AND(ISNUMBER(E20),E20>=0,ISNUMBER(F20),F20>=0,F20<=1),E20*(1-F20)*(1+Settings!$B$5),0)) -> 28.8 | L20: =IFERROR(INDEX(Settings!$B$10:$B$12,MATCH(C20,{"Core","Practice","Delivery"},0)),0) -> 1.53 | M20: =IF(D20=0,"Skipped",IF(Settings!$B$15<>"Ready","Invalid settings",IF(OR(D20<>1,COUNTIF($A$2:$A$49,A20)<>1,NOT(ISNUMBER(E20)),E20<0,NOT(ISNUMBER(F20)),F20<0,F20>1),"Invalid input",IF(F20=1,"Complete",IF(OR(L20<=0,COUNTIFS($C$2:C19,C20,$M$2:M19,"Blocked*")+COUNTIFS($C$2:C19,C20,$M$2:M19,"Invalid*")>0,AND(G20<>"",OR(IFERROR(INDEX($D$2:$D$19,MATCH(G20,$A$2:$A$19,0)),0)<>1,IFERROR(INDEX($M$2:$M$19,MATCH(G20,$A$2:$A$19,0)),"Blocked")="Blocked",LEFT(IFERROR(INDEX($M$2:$M$19,MATCH(G20,$A$2:$A$19,0)),"Invalid"),7)="Invalid")),AND(H20<>"",OR(IFERROR(INDEX($D$2:$D$19,MATCH(H20,$A$2:$A$19,0)),0)<>1,IFERROR(INDEX($M$2:$M$19,MATCH(H20,$A$2:$A$19,0)),"Blocked")="Blocked",LEFT(IFERROR(INDEX($M$2:$M$19,MATCH(H20,$A$2:$A$19,0)),"Invalid"),7)="Invalid")),AND(I20<>"",OR(IFERROR(INDEX($D$2:$D$19,MATCH(I20,$A$2:$A$19,0)),0)<>1,IFERROR(INDEX($M$2:$M$19,MATCH(I20,$A$2:$A$19,0)),"Blocked")="Blocked",LEFT(IFERROR(INDEX($M$2:$M$19,MATCH(I20,$A$2:$A$19,0)),"Invalid"),7)="Invalid")),AND(J20<>"",OR(IFERROR(INDEX($D$2:$D$19,MATCH(J20,$A$2:$A$19,0)),0)<>1,IFERROR(INDEX($M$2:$M$19,MATCH(J20,$A$2:$A$19,0)),"Blocked")="Blocked",LEFT(IFERROR(INDEX($M$2:$M$19,MATCH(J20,$A$2:$A$19,0)),"Invalid"),7)="Invalid"))),"Blocked","Planned"))))) -> Planned | N20: =IF(M20="Skipped",O19,IF(OR(M20="Planned",M20="Complete"),MAX(O19,IF(G20="",0,IFERROR(INDEX($O$2:$O$19,MATCH(G20,$A$2:$A$19,0)),0)),IF(H20="",0,IFERROR(INDEX($O$2:$O$19,MATCH(H20,$A$2:$A$19,0)),0)),IF(I20="",0,IFERROR(INDEX($O$2:$O$19,MATCH(I20,$A$2:$A$19,0)),0)),IF(J20="",0,IFERROR(INDEX($O$2:$O$19,MATCH(J20,$A$2:$A$19,0)),0))),"")) -> 320 | O20: =IF(M20="Skipped",N20,IF(OR(M20="Planned",M20="Complete"),N20+IF(K20=0,0,K20/L20),"")) -> 338.82353 | P20: =IF(AND(M20="Planned",K20>0),WORKDAY.INTL(Settings!$B$2-1,INT(N20+0.000000001)+1,Settings!$B$4,Holidays!$A$2:$A$101),"") -> 46692 | Q20: =IF(AND(M20="Planned",K20>0),WORKDAY.INTL(Settings!$B$2-1,MAX(1,ROUNDUP(O20-0.000000001,0)),Settings!$B$4,Holidays!$A$2:$A$101),"") -> 46713 | R20: =IF(OR(M20="Planned",M20="Complete"),O20-N20,0) -> 18.823529 | S20: Reject invalid credentials, cross-tenant access, and unsafe output use. | T20: https://genai.owasp.org/llm-top-10/
A21: A05 | B21: Trusted tools state and integration | C21: Core | D21: =1 -> 1 | E21: =26 -> 26 | F21: =0 -> 0 | G21: A04 | H21: S01 | K21: =IF(D21=0,0,IF(AND(ISNUMBER(E21),E21>=0,ISNUMBER(F21),F21>=0,F21<=1),E21*(1-F21)*(1+Settings!$B$5),0)) -> 31.2 | L21: =IFERROR(INDEX(Settings!$B$10:$B$12,MATCH(C21,{"Core","Practice","Delivery"},0)),0) -> 1.53 | M21: =IF(D21=0,"Skipped",IF(Settings!$B$15<>"Ready","Invalid settings",IF(OR(D21<>1,COUNTIF($A$2:$A$49,A21)<>1,NOT(ISNUMBER(E21)),E21<0,NOT(ISNUMBER(F21)),F21<0,F21>1),"Invalid input",IF(F21=1,"Complete",IF(OR(L21<=0,COUNTIFS($C$2:C20,C21,$M$2:M20,"Blocked*")+COUNTIFS($C$2:C20,C21,$M$2:M20,"Invalid*")>0,AND(G21<>"",OR(IFERROR(INDEX($D$2:$D$20,MATCH(G21,$A$2:$A$20,0)),0)<>1,IFERROR(INDEX($M$2:$M$20,MATCH(G21,$A$2:$A$20,0)),"Blocked")="Blocked",LEFT(IFERROR(INDEX($M$2:$M$20,MATCH(G21,$A$2:$A$20,0)),"Invalid"),7)="Invalid")),AND(H21<>"",OR(IFERROR(INDEX($D$2:$D$20,MATCH(H21,$A$2:$A$20,0)),0)<>1,IFERROR(INDEX($M$2:$M$20,MATCH(H21,$A$2:$A$20,0)),"Blocked")="Blocked",LEFT(IFERROR(INDEX($M$2:$M$20,MATCH(H21,$A$2:$A$20,0)),"Invalid"),7)="Invalid")),AND(I21<>"",OR(IFERROR(INDEX($D$2:$D$20,MATCH(I21,$A$2:$A$20,0)),0)<>1,IFERROR(INDEX($M$2:$M$20,MATCH(I21,$A$2:$A$20,0)),"Blocked")="Blocked",LEFT(IFERROR(INDEX($M$2:$M$20,MATCH(I21,$A$2:$A$20,0)),"Invalid"),7)="Invalid")),AND(J21<>"",OR(IFERROR(INDEX($D$2:$D$20,MATCH(J21,$A$2:$A$20,0)),0)<>1,IFERROR(INDEX($M$2:$M$20,MATCH(J21,$A$2:$A$20,0)),"Blocked")="Blocked",LEFT(IFERROR(INDEX($M$2:$M$20,MATCH(J21,$A$2:$A$20,0)),"Invalid"),7)="Invalid"))),"Blocked","Planned"))))) -> Planned | N21: =IF(M21="Skipped",O20,IF(OR(M21="Planned",M21="Complete"),MAX(O20,IF(G21="",0,IFERROR(INDEX($O$2:$O$20,MATCH(G21,$A$2:$A$20,0)),0)),IF(H21="",0,IFERROR(INDEX($O$2:$O$20,MATCH(H21,$A$2:$A$20,0)),0)),IF(I21="",0,IFERROR(INDEX($O$2:$O$20,MATCH(I21,$A$2:$A$20,0)),0)),IF(J21="",0,IFERROR(INDEX($O$2:$O$20,MATCH(J21,$A$2:$A$20,0)),0))),"")) -> 338.82353 | O21: =IF(M21="Skipped",N21,IF(OR(M21="Planned",M21="Complete"),N21+IF(K21=0,0,K21/L21),"")) -> 359.21569 | P21: =IF(AND(M21="Planned",K21>0),WORKDAY.INTL(Settings!$B$2-1,INT(N21+0.000000001)+1,Settings!$B$4,Holidays!$A$2:$A$101),"") -> 46713 | Q21: =IF(AND(M21="Planned",K21>0),WORKDAY.INTL(Settings!$B$2-1,MAX(1,ROUNDUP(O21-0.000000001,0)),Settings!$B$4,Holidays!$A$2:$A$101),"") -> 46737 | R21: =IF(OR(M21="Planned",M21="Complete"),O21-N21,0) -> 20.392157 | S21: Reject malformed or unauthorized tool calls and recover a partial integration failure. | T21: https://roadmap.sh/ai-agents
A22: A06 | B22: Bounded agents and architecture tradeoffs | C22: Core | D22: =1 -> 1 | E22: =24 -> 24 | F22: =0 -> 0 | G22: A05 | K22: =IF(D22=0,0,IF(AND(ISNUMBER(E22),E22>=0,ISNUMBER(F22),F22>=0,F22<=1),E22*(1-F22)*(1+Settings!$B$5),0)) -> 28.8 | L22: =IFERROR(INDEX(Settings!$B$10:$B$12,MATCH(C22,{"Core","Practice","Delivery"},0)),0) -> 1.53 | M22: =IF(D22=0,"Skipped",IF(Settings!$B$15<>"Ready","Invalid settings",IF(OR(D22<>1,COUNTIF($A$2:$A$49,A22)<>1,NOT(ISNUMBER(E22)),E22<0,NOT(ISNUMBER(F22)),F22<0,F22>1),"Invalid input",IF(F22=1,"Complete",IF(OR(L22<=0,COUNTIFS($C$2:C21,C22,$M$2:M21,"Blocked*")+COUNTIFS($C$2:C21,C22,$M$2:M21,"Invalid*")>0,AND(G22<>"",OR(IFERROR(INDEX($D$2:$D$21,MATCH(G22,$A$2:$A$21,0)),0)<>1,IFERROR(INDEX($M$2:$M$21,MATCH(G22,$A$2:$A$21,0)),"Blocked")="Blocked",LEFT(IFERROR(INDEX($M$2:$M$21,MATCH(G22,$A$2:$A$21,0)),"Invalid"),7)="Invalid")),AND(H22<>"",OR(IFERROR(INDEX($D$2:$D$21,MATCH(H22,$A$2:$A$21,0)),0)<>1,IFERROR(INDEX($M$2:$M$21,MATCH(H22,$A$2:$A$21,0)),"Blocked")="Blocked",LEFT(IFERROR(INDEX($M$2:$M$21,MATCH(H22,$A$2:$A$21,0)),"Invalid"),7)="Invalid")),AND(I22<>"",OR(IFERROR(INDEX($D$2:$D$21,MATCH(I22,$A$2:$A$21,0)),0)<>1,IFERROR(INDEX($M$2:$M$21,MATCH(I22,$A$2:$A$21,0)),"Blocked")="Blocked",LEFT(IFERROR(INDEX($M$2:$M$21,MATCH(I22,$A$2:$A$21,0)),"Invalid"),7)="Invalid")),AND(J22<>"",OR(IFERROR(INDEX($D$2:$D$21,MATCH(J22,$A$2:$A$21,0)),0)<>1,IFERROR(INDEX($M$2:$M$21,MATCH(J22,$A$2:$A$21,0)),"Blocked")="Blocked",LEFT(IFERROR(INDEX($M$2:$M$21,MATCH(J22,$A$2:$A$21,0)),"Invalid"),7)="Invalid"))),"Blocked","Planned"))))) -> Planned | N22: =IF(M22="Skipped",O21,IF(OR(M22="Planned",M22="Complete"),MAX(O21,IF(G22="",0,IFERROR(INDEX($O$2:$O$21,MATCH(G22,$A$2:$A$21,0)),0)),IF(H22="",0,IFERROR(INDEX($O$2:$O$21,MATCH(H22,$A$2:$A$21,0)),0)),IF(I22="",0,IFERROR(INDEX($O$2:$O$21,MATCH(I22,$A$2:$A$21,0)),0)),IF(J22="",0,IFERROR(INDEX($O$2:$O$21,MATCH(J22,$A$2:$A$21,0)),0))),"")) -> 359.21569 | O22: =IF(M22="Skipped",N22,IF(OR(M22="Planned",M22="Complete"),N22+IF(K22=0,0,K22/L22),"")) -> 378.03922 | P22: =IF(AND(M22="Planned",K22>0),WORKDAY.INTL(Settings!$B$2-1,INT(N22+0.000000001)+1,Settings!$B$4,Holidays!$A$2:$A$101),"") -> 46737 | Q22: =IF(AND(M22="Planned",K22>0),WORKDAY.INTL(Settings!$B$2-1,MAX(1,ROUNDUP(O22-0.000000001,0)),Settings!$B$4,Holidays!$A$2:$A$101),"") -> 46759 | R22: =IF(OR(M22="Planned",M22="Complete"),O22-N22,0) -> 18.823529 | S22: Compare a fixed workflow and agent with budgets, stopping rules, and task evaluations. | T22: https://roadmap.sh/ai-agents
A23: A07 | B23: AI-assisted development discipline | C23: Core | D23: =1 -> 1 | E23: =8 -> 8 | F23: =0 -> 0 | G23: F04 | K23: =IF(D23=0,0,IF(AND(ISNUMBER(E23),E23>=0,ISNUMBER(F23),F23>=0,F23<=1),E23*(1-F23)*(1+Settings!$B$5),0)) -> 9.6 | L23: =IFERROR(INDEX(Settings!$B$10:$B$12,MATCH(C23,{"Core","Practice","Delivery"},0)),0) -> 1.53 | M23: =IF(D23=0,"Skipped",IF(Settings!$B$15<>"Ready","Invalid settings",IF(OR(D23<>1,COUNTIF($A$2:$A$49,A23)<>1,NOT(ISNUMBER(E23)),E23<0,NOT(ISNUMBER(F23)),F23<0,F23>1),"Invalid input",IF(F23=1,"Complete",IF(OR(L23<=0,COUNTIFS($C$2:C22,C23,$M$2:M22,"Blocked*")+COUNTIFS($C$2:C22,C23,$M$2:M22,"Invalid*")>0,AND(G23<>"",OR(IFERROR(INDEX($D$2:$D$22,MATCH(G23,$A$2:$A$22,0)),0)<>1,IFERROR(INDEX($M$2:$M$22,MATCH(G23,$A$2:$A$22,0)),"Blocked")="Blocked",LEFT(IFERROR(INDEX($M$2:$M$22,MATCH(G23,$A$2:$A$22,0)),"Invalid"),7)="Invalid")),AND(H23<>"",OR(IFERROR(INDEX($D$2:$D$22,MATCH(H23,$A$2:$A$22,0)),0)<>1,IFERROR(INDEX($M$2:$M$22,MATCH(H23,$A$2:$A$22,0)),"Blocked")="Blocked",LEFT(IFERROR(INDEX($M$2:$M$22,MATCH(H23,$A$2:$A$22,0)),"Invalid"),7)="Invalid")),AND(I23<>"",OR(IFERROR(INDEX($D$2:$D$22,MATCH(I23,$A$2:$A$22,0)),0)<>1,IFERROR(INDEX($M$2:$M$22,MATCH(I23,$A$2:$A$22,0)),"Blocked")="Blocked",LEFT(IFERROR(INDEX($M$2:$M$22,MATCH(I23,$A$2:$A$22,0)),"Invalid"),7)="Invalid")),AND(J23<>"",OR(IFERROR(INDEX($D$2:$D$22,MATCH(J23,$A$2:$A$22,0)),0)<>1,IFERROR(INDEX($M$2:$M$22,MATCH(J23,$A$2:$A$22,0)),"Blocked")="Blocked",LEFT(IFERROR(INDEX($M$2:$M$22,MATCH(J23,$A$2:$A$22,0)),"Invalid"),7)="Invalid"))),"Blocked","Planned"))))) -> Planned | N23: =IF(M23="Skipped",O22,IF(OR(M23="Planned",M23="Complete"),MAX(O22,IF(G23="",0,IFERROR(INDEX($O$2:$O$22,MATCH(G23,$A$2:$A$22,0)),0)),IF(H23="",0,IFERROR(INDEX($O$2:$O$22,MATCH(H23,$A$2:$A$22,0)),0)),IF(I23="",0,IFERROR(INDEX($O$2:$O$22,MATCH(I23,$A$2:$A$22,0)),0)),IF(J23="",0,IFERROR(INDEX($O$2:$O$22,MATCH(J23,$A$2:$A$22,0)),0))),"")) -> 378.03922 | O23: =IF(M23="Skipped",N23,IF(OR(M23="Planned",M23="Complete"),N23+IF(K23=0,0,K23/L23),"")) -> 384.31373 | P23: =IF(AND(M23="Planned",K23>0),WORKDAY.INTL(Settings!$B$2-1,INT(N23+0.000000001)+1,Settings!$B$4,Holidays!$A$2:$A$101),"") -> 46759 | Q23: =IF(AND(M23="Planned",K23>0),WORKDAY.INTL(Settings!$B$2-1,MAX(1,ROUNDUP(O23-0.000000001,0)),Settings!$B$4,Holidays!$A$2:$A$101),"") -> 46766 | R23: =IF(OR(M23="Planned",M23="Complete"),O23-N23,0) -> 6.2745098 | S23: Explain generated code changes and independently validate acceptance behavior. | T23: https://roadmap.sh/vibe-coding
A24: C01 | B24: One cloud and container deployment | C24: Core | D24: =1 -> 1 | E24: =26 -> 26 | F24: =0 -> 0 | G24: S01 | K24: =IF(D24=0,0,IF(AND(ISNUMBER(E24),E24>=0,ISNUMBER(F24),F24>=0,F24<=1),E24*(1-F24)*(1+Settings!$B$5),0)) -> 31.2 | L24: =IFERROR(INDEX(Settings!$B$10:$B$12,MATCH(C24,{"Core","Practice","Delivery"},0)),0) -> 1.53 | M24: =IF(D24=0,"Skipped",IF(Settings!$B$15<>"Ready","Invalid settings",IF(OR(D24<>1,COUNTIF($A$2:$A$49,A24)<>1,NOT(ISNUMBER(E24)),E24<0,NOT(ISNUMBER(F24)),F24<0,F24>1),"Invalid input",IF(F24=1,"Complete",IF(OR(L24<=0,COUNTIFS($C$2:C23,C24,$M$2:M23,"Blocked*")+COUNTIFS($C$2:C23,C24,$M$2:M23,"Invalid*")>0,AND(G24<>"",OR(IFERROR(INDEX($D$2:$D$23,MATCH(G24,$A$2:$A$23,0)),0)<>1,IFERROR(INDEX($M$2:$M$23,MATCH(G24,$A$2:$A$23,0)),"Blocked")="Blocked",LEFT(IFERROR(INDEX($M$2:$M$23,MATCH(G24,$A$2:$A$23,0)),"Invalid"),7)="Invalid")),AND(H24<>"",OR(IFERROR(INDEX($D$2:$D$23,MATCH(H24,$A$2:$A$23,0)),0)<>1,IFERROR(INDEX($M$2:$M$23,MATCH(H24,$A$2:$A$23,0)),"Blocked")="Blocked",LEFT(IFERROR(INDEX($M$2:$M$23,MATCH(H24,$A$2:$A$23,0)),"Invalid"),7)="Invalid")),AND(I24<>"",OR(IFERROR(INDEX($D$2:$D$23,MATCH(I24,$A$2:$A$23,0)),0)<>1,IFERROR(INDEX($M$2:$M$23,MATCH(I24,$A$2:$A$23,0)),"Blocked")="Blocked",LEFT(IFERROR(INDEX($M$2:$M$23,MATCH(I24,$A$2:$A$23,0)),"Invalid"),7)="Invalid")),AND(J24<>"",OR(IFERROR(INDEX($D$2:$D$23,MATCH(J24,$A$2:$A$23,0)),0)<>1,IFERROR(INDEX($M$2:$M$23,MATCH(J24,$A$2:$A$23,0)),"Blocked")="Blocked",LEFT(IFERROR(INDEX($M$2:$M$23,MATCH(J24,$A$2:$A$23,0)),"Invalid"),7)="Invalid"))),"Blocked","Planned"))))) -> Planned | N24: =IF(M24="Skipped",O23,IF(OR(M24="Planned",M24="Complete"),MAX(O23,IF(G24="",0,IFERROR(INDEX($O$2:$O$23,MATCH(G24,$A$2:$A$23,0)),0)),IF(H24="",0,IFERROR(INDEX($O$2:$O$23,MATCH(H24,$A$2:$A$23,0)),0)),IF(I24="",0,IFERROR(INDEX($O$2:$O$23,MATCH(I24,$A$2:$A$23,0)),0)),IF(J24="",0,IFERROR(INDEX($O$2:$O$23,MATCH(J24,$A$2:$A$23,0)),0))),"")) -> 384.31373 | O24: =IF(M24="Skipped",N24,IF(OR(M24="Planned",M24="Complete"),N24+IF(K24=0,0,K24/L24),"")) -> 404.70588 | P24: =IF(AND(M24="Planned",K24>0),WORKDAY.INTL(Settings!$B$2-1,INT(N24+0.000000001)+1,Settings!$B$4,Holidays!$A$2:$A$101),"") -> 46766 | Q24: =IF(AND(M24="Planned",K24>0),WORKDAY.INTL(Settings!$B$2-1,MAX(1,ROUNDUP(O24-0.000000001,0)),Settings!$B$4,Holidays!$A$2:$A$101),"") -> 46790 | R24: =IF(OR(M24="Planned",M24="Complete"),O24-N24,0) -> 20.392157 | S24: Deploy a sandbox service with scoped identity, private data, and a budget. | T24: https://roadmap.sh/aws
A25: C02 | B25: Infrastructure as code and release workflow | C25: Core | D25: =1 -> 1 | E25: =24 -> 24 | F25: =0 -> 0 | G25: C01 | K25: =IF(D25=0,0,IF(AND(ISNUMBER(E25),E25>=0,ISNUMBER(F25),F25>=0,F25<=1),E25*(1-F25)*(1+Settings!$B$5),0)) -> 28.8 | L25: =IFERROR(INDEX(Settings!$B$10:$B$12,MATCH(C25,{"Core","Practice","Delivery"},0)),0) -> 1.53 | M25: =IF(D25=0,"Skipped",IF(Settings!$B$15<>"Ready","Invalid settings",IF(OR(D25<>1,COUNTIF($A$2:$A$49,A25)<>1,NOT(ISNUMBER(E25)),E25<0,NOT(ISNUMBER(F25)),F25<0,F25>1),"Invalid input",IF(F25=1,"Complete",IF(OR(L25<=0,COUNTIFS($C$2:C24,C25,$M$2:M24,"Blocked*")+COUNTIFS($C$2:C24,C25,$M$2:M24,"Invalid*")>0,AND(G25<>"",OR(IFERROR(INDEX($D$2:$D$24,MATCH(G25,$A$2:$A$24,0)),0)<>1,IFERROR(INDEX($M$2:$M$24,MATCH(G25,$A$2:$A$24,0)),"Blocked")="Blocked",LEFT(IFERROR(INDEX($M$2:$M$24,MATCH(G25,$A$2:$A$24,0)),"Invalid"),7)="Invalid")),AND(H25<>"",OR(IFERROR(INDEX($D$2:$D$24,MATCH(H25,$A$2:$A$24,0)),0)<>1,IFERROR(INDEX($M$2:$M$24,MATCH(H25,$A$2:$A$24,0)),"Blocked")="Blocked",LEFT(IFERROR(INDEX($M$2:$M$24,MATCH(H25,$A$2:$A$24,0)),"Invalid"),7)="Invalid")),AND(I25<>"",OR(IFERROR(INDEX($D$2:$D$24,MATCH(I25,$A$2:$A$24,0)),0)<>1,IFERROR(INDEX($M$2:$M$24,MATCH(I25,$A$2:$A$24,0)),"Blocked")="Blocked",LEFT(IFERROR(INDEX($M$2:$M$24,MATCH(I25,$A$2:$A$24,0)),"Invalid"),7)="Invalid")),AND(J25<>"",OR(IFERROR(INDEX($D$2:$D$24,MATCH(J25,$A$2:$A$24,0)),0)<>1,IFERROR(INDEX($M$2:$M$24,MATCH(J25,$A$2:$A$24,0)),"Blocked")="Blocked",LEFT(IFERROR(INDEX($M$2:$M$24,MATCH(J25,$A$2:$A$24,0)),"Invalid"),7)="Invalid"))),"Blocked","Planned"))))) -> Planned | N25: =IF(M25="Skipped",O24,IF(OR(M25="Planned",M25="Complete"),MAX(O24,IF(G25="",0,IFERROR(INDEX($O$2:$O$24,MATCH(G25,$A$2:$A$24,0)),0)),IF(H25="",0,IFERROR(INDEX($O$2:$O$24,MATCH(H25,$A$2:$A$24,0)),0)),IF(I25="",0,IFERROR(INDEX($O$2:$O$24,MATCH(I25,$A$2:$A$24,0)),0)),IF(J25="",0,IFERROR(INDEX($O$2:$O$24,MATCH(J25,$A$2:$A$24,0)),0))),"")) -> 404.70588 | O25: =IF(M25="Skipped",N25,IF(OR(M25="Planned",M25="Complete"),N25+IF(K25=0,0,K25/L25),"")) -> 423.52941 | P25: =IF(AND(M25="Planned",K25>0),WORKDAY.INTL(Settings!$B$2-1,INT(N25+0.000000001)+1,Settings!$B$4,Holidays!$A$2:$A$101),"") -> 46790 | Q25: =IF(AND(M25="Planned",K25>0),WORKDAY.INTL(Settings!$B$2-1,MAX(1,ROUNDUP(O25-0.000000001,0)),Settings!$B$4,Holidays!$A$2:$A$101),"") -> 46812 | R25: =IF(OR(M25="Planned",M25="Complete"),O25-N25,0) -> 18.823529 | S25: Review infrastructure changes and rehearse a controlled rollout and recovery. | T25: https://roadmap.sh/terraform
A26: C03 | B26: Observability and inference measurement | C26: Core | D26: =1 -> 1 | E26: =24 -> 24 | F26: =0 -> 0 | G26: A04 | H26: C02 | K26: =IF(D26=0,0,IF(AND(ISNUMBER(E26),E26>=0,ISNUMBER(F26),F26>=0,F26<=1),E26*(1-F26)*(1+Settings!$B$5),0)) -> 28.8 | L26: =IFERROR(INDEX(Settings!$B$10:$B$12,MATCH(C26,{"Core","Practice","Delivery"},0)),0) -> 1.53 | M26: =IF(D26=0,"Skipped",IF(Settings!$B$15<>"Ready","Invalid settings",IF(OR(D26<>1,COUNTIF($A$2:$A$49,A26)<>1,NOT(ISNUMBER(E26)),E26<0,NOT(ISNUMBER(F26)),F26<0,F26>1),"Invalid input",IF(F26=1,"Complete",IF(OR(L26<=0,COUNTIFS($C$2:C25,C26,$M$2:M25,"Blocked*")+COUNTIFS($C$2:C25,C26,$M$2:M25,"Invalid*")>0,AND(G26<>"",OR(IFERROR(INDEX($D$2:$D$25,MATCH(G26,$A$2:$A$25,0)),0)<>1,IFERROR(INDEX($M$2:$M$25,MATCH(G26,$A$2:$A$25,0)),"Blocked")="Blocked",LEFT(IFERROR(INDEX($M$2:$M$25,MATCH(G26,$A$2:$A$25,0)),"Invalid"),7)="Invalid")),AND(H26<>"",OR(IFERROR(INDEX($D$2:$D$25,MATCH(H26,$A$2:$A$25,0)),0)<>1,IFERROR(INDEX($M$2:$M$25,MATCH(H26,$A$2:$A$25,0)),"Blocked")="Blocked",LEFT(IFERROR(INDEX($M$2:$M$25,MATCH(H26,$A$2:$A$25,0)),"Invalid"),7)="Invalid")),AND(I26<>"",OR(IFERROR(INDEX($D$2:$D$25,MATCH(I26,$A$2:$A$25,0)),0)<>1,IFERROR(INDEX($M$2:$M$25,MATCH(I26,$A$2:$A$25,0)),"Blocked")="Blocked",LEFT(IFERROR(INDEX($M$2:$M$25,MATCH(I26,$A$2:$A$25,0)),"Invalid"),7)="Invalid")),AND(J26<>"",OR(IFERROR(INDEX($D$2:$D$25,MATCH(J26,$A$2:$A$25,0)),0)<>1,IFERROR(INDEX($M$2:$M$25,MATCH(J26,$A$2:$A$25,0)),"Blocked")="Blocked",LEFT(IFERROR(INDEX($M$2:$M$25,MATCH(J26,$A$2:$A$25,0)),"Invalid"),7)="Invalid"))),"Blocked","Planned"))))) -> Planned | N26: =IF(M26="Skipped",O25,IF(OR(M26="Planned",M26="Complete"),MAX(O25,IF(G26="",0,IFERROR(INDEX($O$2:$O$25,MATCH(G26,$A$2:$A$25,0)),0)),IF(H26="",0,IFERROR(INDEX($O$2:$O$25,MATCH(H26,$A$2:$A$25,0)),0)),IF(I26="",0,IFERROR(INDEX($O$2:$O$25,MATCH(I26,$A$2:$A$25,0)),0)),IF(J26="",0,IFERROR(INDEX($O$2:$O$25,MATCH(J26,$A$2:$A$25,0)),0))),"")) -> 423.52941 | O26: =IF(M26="Skipped",N26,IF(OR(M26="Planned",M26="Complete"),N26+IF(K26=0,0,K26/L26),"")) -> 442.35294 | P26: =IF(AND(M26="Planned",K26>0),WORKDAY.INTL(Settings!$B$2-1,INT(N26+0.000000001)+1,Settings!$B$4,Holidays!$A$2:$A$101),"") -> 46812 | Q26: =IF(AND(M26="Planned",K26>0),WORKDAY.INTL(Settings!$B$2-1,MAX(1,ROUNDUP(O26-0.000000001,0)),Settings!$B$4,Holidays!$A$2:$A$101),"") -> 46834 | R26: =IF(OR(M26="Planned",M26="Complete"),O26-N26,0) -> 18.823529 | S26: Find a failed stage in a redacted trace and measure quality-preserving optimization. | T26: https://opentelemetry.io/docs/
A27: C04 | B27: Model and application release lifecycle | C27: Core | D27: =1 -> 1 | E27: =14 -> 14 | F27: =0 -> 0 | G27: C03 | K27: =IF(D27=0,0,IF(AND(ISNUMBER(E27),E27>=0,ISNUMBER(F27),F27>=0,F27<=1),E27*(1-F27)*(1+Settings!$B$5),0)) -> 16.8 | L27: =IFERROR(INDEX(Settings!$B$10:$B$12,MATCH(C27,{"Core","Practice","Delivery"},0)),0) -> 1.53 | M27: =IF(D27=0,"Skipped",IF(Settings!$B$15<>"Ready","Invalid settings",IF(OR(D27<>1,COUNTIF($A$2:$A$49,A27)<>1,NOT(ISNUMBER(E27)),E27<0,NOT(ISNUMBER(F27)),F27<0,F27>1),"Invalid input",IF(F27=1,"Complete",IF(OR(L27<=0,COUNTIFS($C$2:C26,C27,$M$2:M26,"Blocked*")+COUNTIFS($C$2:C26,C27,$M$2:M26,"Invalid*")>0,AND(G27<>"",OR(IFERROR(INDEX($D$2:$D$26,MATCH(G27,$A$2:$A$26,0)),0)<>1,IFERROR(INDEX($M$2:$M$26,MATCH(G27,$A$2:$A$26,0)),"Blocked")="Blocked",LEFT(IFERROR(INDEX($M$2:$M$26,MATCH(G27,$A$2:$A$26,0)),"Invalid"),7)="Invalid")),AND(H27<>"",OR(IFERROR(INDEX($D$2:$D$26,MATCH(H27,$A$2:$A$26,0)),0)<>1,IFERROR(INDEX($M$2:$M$26,MATCH(H27,$A$2:$A$26,0)),"Blocked")="Blocked",LEFT(IFERROR(INDEX($M$2:$M$26,MATCH(H27,$A$2:$A$26,0)),"Invalid"),7)="Invalid")),AND(I27<>"",OR(IFERROR(INDEX($D$2:$D$26,MATCH(I27,$A$2:$A$26,0)),0)<>1,IFERROR(INDEX($M$2:$M$26,MATCH(I27,$A$2:$A$26,0)),"Blocked")="Blocked",LEFT(IFERROR(INDEX($M$2:$M$26,MATCH(I27,$A$2:$A$26,0)),"Invalid"),7)="Invalid")),AND(J27<>"",OR(IFERROR(INDEX($D$2:$D$26,MATCH(J27,$A$2:$A$26,0)),0)<>1,IFERROR(INDEX($M$2:$M$26,MATCH(J27,$A$2:$A$26,0)),"Blocked")="Blocked",LEFT(IFERROR(INDEX($M$2:$M$26,MATCH(J27,$A$2:$A$26,0)),"Invalid"),7)="Invalid"))),"Blocked","Planned"))))) -> Planned | N27: =IF(M27="Skipped",O26,IF(OR(M27="Planned",M27="Complete"),MAX(O26,IF(G27="",0,IFERROR(INDEX($O$2:$O$26,MATCH(G27,$A$2:$A$26,0)),0)),IF(H27="",0,IFERROR(INDEX($O$2:$O$26,MATCH(H27,$A$2:$A$26,0)),0)),IF(I27="",0,IFERROR(INDEX($O$2:$O$26,MATCH(I27,$A$2:$A$26,0)),0)),IF(J27="",0,IFERROR(INDEX($O$2:$O$26,MATCH(J27,$A$2:$A$26,0)),0))),"")) -> 442.35294 | O27: =IF(M27="Skipped",N27,IF(OR(M27="Planned",M27="Complete"),N27+IF(K27=0,0,K27/L27),"")) -> 453.33333 | P27: =IF(AND(M27="Planned",K27>0),WORKDAY.INTL(Settings!$B$2-1,INT(N27+0.000000001)+1,Settings!$B$4,Holidays!$A$2:$A$101),"") -> 46834 | Q27: =IF(AND(M27="Planned",K27>0),WORKDAY.INTL(Settings!$B$2-1,MAX(1,ROUNDUP(O27-0.000000001,0)),Settings!$B$4,Holidays!$A$2:$A$101),"") -> 46847 | R27: =IF(OR(M27="Planned",M27="Complete"),O27-N27,0) -> 10.980392 | S27: Pin model, prompt, dataset, evaluator, index, and application artifacts. | T27: https://madewithml.com/
A28: P01 | B28: DSA fundamentals and first pattern exercises | C28: Practice | D28: =1 -> 1 | E28: =22 -> 22 | F28: =0 -> 0 | G28: F02 | K28: =IF(D28=0,0,IF(AND(ISNUMBER(E28),E28>=0,ISNUMBER(F28),F28>=0,F28<=1),E28*(1-F28)*(1+Settings!$B$5),0)) -> 26.4 | L28: =IFERROR(INDEX(Settings!$B$10:$B$12,MATCH(C28,{"Core","Practice","Delivery"},0)),0) -> 0.51 | M28: =IF(D28=0,"Skipped",IF(Settings!$B$15<>"Ready","Invalid settings",IF(OR(D28<>1,COUNTIF($A$2:$A$49,A28)<>1,NOT(ISNUMBER(E28)),E28<0,NOT(ISNUMBER(F28)),F28<0,F28>1),"Invalid input",IF(F28=1,"Complete",IF(OR(L28<=0,COUNTIFS($C$2:C27,C28,$M$2:M27,"Blocked*")+COUNTIFS($C$2:C27,C28,$M$2:M27,"Invalid*")>0,AND(G28<>"",OR(IFERROR(INDEX($D$2:$D$27,MATCH(G28,$A$2:$A$27,0)),0)<>1,IFERROR(INDEX($M$2:$M$27,MATCH(G28,$A$2:$A$27,0)),"Blocked")="Blocked",LEFT(IFERROR(INDEX($M$2:$M$27,MATCH(G28,$A$2:$A$27,0)),"Invalid"),7)="Invalid")),AND(H28<>"",OR(IFERROR(INDEX($D$2:$D$27,MATCH(H28,$A$2:$A$27,0)),0)<>1,IFERROR(INDEX($M$2:$M$27,MATCH(H28,$A$2:$A$27,0)),"Blocked")="Blocked",LEFT(IFERROR(INDEX($M$2:$M$27,MATCH(H28,$A$2:$A$27,0)),"Invalid"),7)="Invalid")),AND(I28<>"",OR(IFERROR(INDEX($D$2:$D$27,MATCH(I28,$A$2:$A$27,0)),0)<>1,IFERROR(INDEX($M$2:$M$27,MATCH(I28,$A$2:$A$27,0)),"Blocked")="Blocked",LEFT(IFERROR(INDEX($M$2:$M$27,MATCH(I28,$A$2:$A$27,0)),"Invalid"),7)="Invalid")),AND(J28<>"",OR(IFERROR(INDEX($D$2:$D$27,MATCH(J28,$A$2:$A$27,0)),0)<>1,IFERROR(INDEX($M$2:$M$27,MATCH(J28,$A$2:$A$27,0)),"Blocked")="Blocked",LEFT(IFERROR(INDEX($M$2:$M$27,MATCH(J28,$A$2:$A$27,0)),"Invalid"),7)="Invalid"))),"Blocked","Planned"))))) -> Planned | N28: =IF(M28="Skipped",0,IF(OR(M28="Planned",M28="Complete"),MAX(0,IF(G28="",0,IFERROR(INDEX($O$2:$O$27,MATCH(G28,$A$2:$A$27,0)),0)),IF(H28="",0,IFERROR(INDEX($O$2:$O$27,MATCH(H28,$A$2:$A$27,0)),0)),IF(I28="",0,IFERROR(INDEX($O$2:$O$27,MATCH(I28,$A$2:$A$27,0)),0)),IF(J28="",0,IFERROR(INDEX($O$2:$O$27,MATCH(J28,$A$2:$A$27,0)),0))),"")) -> 28.235294 | O28: =IF(M28="Skipped",N28,IF(OR(M28="Planned",M28="Complete"),N28+IF(K28=0,0,K28/L28),"")) -> 80 | P28: =IF(AND(M28="Planned",K28>0),WORKDAY.INTL(Settings!$B$2-1,INT(N28+0.000000001)+1,Settings!$B$4,Holidays!$A$2:$A$101),"") -> 46351 | Q28: =IF(AND(M28="Planned",K28>0),WORKDAY.INTL(Settings!$B$2-1,MAX(1,ROUNDUP(O28-0.000000001,0)),Settings!$B$4,Holidays!$A$2:$A$101),"") -> 46410 | R28: =IF(OR(M28="Planned",M28="Complete"),O28-N28,0) -> 51.764706 | S28: Implement basic structures and explain correctness and complexity. | T28: https://neetcode.io/roadmap
A29: P02 | B29: SQL practice with duplicates NULL and windows | C29: Practice | D29: =1 -> 1 | E29: =26 -> 26 | F29: =0 -> 0 | G29: F06 | K29: =IF(D29=0,0,IF(AND(ISNUMBER(E29),E29>=0,ISNUMBER(F29),F29>=0,F29<=1),E29*(1-F29)*(1+Settings!$B$5),0)) -> 31.2 | L29: =IFERROR(INDEX(Settings!$B$10:$B$12,MATCH(C29,{"Core","Practice","Delivery"},0)),0) -> 0.51 | M29: =IF(D29=0,"Skipped",IF(Settings!$B$15<>"Ready","Invalid settings",IF(OR(D29<>1,COUNTIF($A$2:$A$49,A29)<>1,NOT(ISNUMBER(E29)),E29<0,NOT(ISNUMBER(F29)),F29<0,F29>1),"Invalid input",IF(F29=1,"Complete",IF(OR(L29<=0,COUNTIFS($C$2:C28,C29,$M$2:M28,"Blocked*")+COUNTIFS($C$2:C28,C29,$M$2:M28,"Invalid*")>0,AND(G29<>"",OR(IFERROR(INDEX($D$2:$D$28,MATCH(G29,$A$2:$A$28,0)),0)<>1,IFERROR(INDEX($M$2:$M$28,MATCH(G29,$A$2:$A$28,0)),"Blocked")="Blocked",LEFT(IFERROR(INDEX($M$2:$M$28,MATCH(G29,$A$2:$A$28,0)),"Invalid"),7)="Invalid")),AND(H29<>"",OR(IFERROR(INDEX($D$2:$D$28,MATCH(H29,$A$2:$A$28,0)),0)<>1,IFERROR(INDEX($M$2:$M$28,MATCH(H29,$A$2:$A$28,0)),"Blocked")="Blocked",LEFT(IFERROR(INDEX($M$2:$M$28,MATCH(H29,$A$2:$A$28,0)),"Invalid"),7)="Invalid")),AND(I29<>"",OR(IFERROR(INDEX($D$2:$D$28,MATCH(I29,$A$2:$A$28,0)),0)<>1,IFERROR(INDEX($M$2:$M$28,MATCH(I29,$A$2:$A$28,0)),"Blocked")="Blocked",LEFT(IFERROR(INDEX($M$2:$M$28,MATCH(I29,$A$2:$A$28,0)),"Invalid"),7)="Invalid")),AND(J29<>"",OR(IFERROR(INDEX($D$2:$D$28,MATCH(J29,$A$2:$A$28,0)),0)<>1,IFERROR(INDEX($M$2:$M$28,MATCH(J29,$A$2:$A$28,0)),"Blocked")="Blocked",LEFT(IFERROR(INDEX($M$2:$M$28,MATCH(J29,$A$2:$A$28,0)),"Invalid"),7)="Invalid"))),"Blocked","Planned"))))) -> Planned | N29: =IF(M29="Skipped",O28,IF(OR(M29="Planned",M29="Complete"),MAX(O28,IF(G29="",0,IFERROR(INDEX($O$2:$O$28,MATCH(G29,$A$2:$A$28,0)),0)),IF(H29="",0,IFERROR(INDEX($O$2:$O$28,MATCH(H29,$A$2:$A$28,0)),0)),IF(I29="",0,IFERROR(INDEX($O$2:$O$28,MATCH(I29,$A$2:$A$28,0)),0)),IF(J29="",0,IFERROR(INDEX($O$2:$O$28,MATCH(J29,$A$2:$A$28,0)),0))),"")) -> 106.66667 | O29: =IF(M29="Skipped",N29,IF(OR(M29="Planned",M29="Complete"),N29+IF(K29=0,0,K29/L29),"")) -> 167.84314 | P29: =IF(AND(M29="Planned",K29>0),WORKDAY.INTL(Settings!$B$2-1,INT(N29+0.000000001)+1,Settings!$B$4,Holidays!$A$2:$A$101),"") -> 46442 | Q29: =IF(AND(M29="Planned",K29>0),WORKDAY.INTL(Settings!$B$2-1,MAX(1,ROUNDUP(O29-0.000000001,0)),Settings!$B$4,Holidays!$A$2:$A$101),"") -> 46513 | R29: =IF(OR(M29="Planned",M29="Complete"),O29-N29,0) -> 61.176471 | S29: Solve representative SQL cases and state output grain and edge behavior. | T29: https://datalemur.com/questions
A30: P03 | B30: DSA pattern practice and spaced review | C30: Practice | D30: =1 -> 1 | E30: =44 -> 44 | F30: =0 -> 0 | G30: P01 | K30: =IF(D30=0,0,IF(AND(ISNUMBER(E30),E30>=0,ISNUMBER(F30),F30>=0,F30<=1),E30*(1-F30)*(1+Settings!$B$5),0)) -> 52.8 | L30: =IFERROR(INDEX(Settings!$B$10:$B$12,MATCH(C30,{"Core","Practice","Delivery"},0)),0) -> 0.51 | M30: =IF(D30=0,"Skipped",IF(Settings!$B$15<>"Ready","Invalid settings",IF(OR(D30<>1,COUNTIF($A$2:$A$49,A30)<>1,NOT(ISNUMBER(E30)),E30<0,NOT(ISNUMBER(F30)),F30<0,F30>1),"Invalid input",IF(F30=1,"Complete",IF(OR(L30<=0,COUNTIFS($C$2:C29,C30,$M$2:M29,"Blocked*")+COUNTIFS($C$2:C29,C30,$M$2:M29,"Invalid*")>0,AND(G30<>"",OR(IFERROR(INDEX($D$2:$D$29,MATCH(G30,$A$2:$A$29,0)),0)<>1,IFERROR(INDEX($M$2:$M$29,MATCH(G30,$A$2:$A$29,0)),"Blocked")="Blocked",LEFT(IFERROR(INDEX($M$2:$M$29,MATCH(G30,$A$2:$A$29,0)),"Invalid"),7)="Invalid")),AND(H30<>"",OR(IFERROR(INDEX($D$2:$D$29,MATCH(H30,$A$2:$A$29,0)),0)<>1,IFERROR(INDEX($M$2:$M$29,MATCH(H30,$A$2:$A$29,0)),"Blocked")="Blocked",LEFT(IFERROR(INDEX($M$2:$M$29,MATCH(H30,$A$2:$A$29,0)),"Invalid"),7)="Invalid")),AND(I30<>"",OR(IFERROR(INDEX($D$2:$D$29,MATCH(I30,$A$2:$A$29,0)),0)<>1,IFERROR(INDEX($M$2:$M$29,MATCH(I30,$A$2:$A$29,0)),"Blocked")="Blocked",LEFT(IFERROR(INDEX($M$2:$M$29,MATCH(I30,$A$2:$A$29,0)),"Invalid"),7)="Invalid")),AND(J30<>"",OR(IFERROR(INDEX($D$2:$D$29,MATCH(J30,$A$2:$A$29,0)),0)<>1,IFERROR(INDEX($M$2:$M$29,MATCH(J30,$A$2:$A$29,0)),"Blocked")="Blocked",LEFT(IFERROR(INDEX($M$2:$M$29,MATCH(J30,$A$2:$A$29,0)),"Invalid"),7)="Invalid"))),"Blocked","Planned"))))) -> Planned | N30: =IF(M30="Skipped",O29,IF(OR(M30="Planned",M30="Complete"),MAX(O29,IF(G30="",0,IFERROR(INDEX($O$2:$O$29,MATCH(G30,$A$2:$A$29,0)),0)),IF(H30="",0,IFERROR(INDEX($O$2:$O$29,MATCH(H30,$A$2:$A$29,0)),0)),IF(I30="",0,IFERROR(INDEX($O$2:$O$29,MATCH(I30,$A$2:$A$29,0)),0)),IF(J30="",0,IFERROR(INDEX($O$2:$O$29,MATCH(J30,$A$2:$A$29,0)),0))),"")) -> 167.84314 | O30: =IF(M30="Skipped",N30,IF(OR(M30="Planned",M30="Complete"),N30+IF(K30=0,0,K30/L30),"")) -> 271.37255 | P30: =IF(AND(M30="Planned",K30>0),WORKDAY.INTL(Settings!$B$2-1,INT(N30+0.000000001)+1,Settings!$B$4,Holidays!$A$2:$A$101),"") -> 46513 | Q30: =IF(AND(M30="Planned",K30>0),WORKDAY.INTL(Settings!$B$2-1,MAX(1,ROUNDUP(O30-0.000000001,0)),Settings!$B$4,Holidays!$A$2:$A$101),"") -> 46634 | R30: =IF(OR(M30="Planned",M30="Complete"),O30-N30,0) -> 103.52941 | S30: Solve unseen variants across trees, heaps, graphs, and introductory dynamic programming. | T30: https://leetcode.com/problemset/
A31: P04 | B31: ML and mathematical coding practice | C31: Practice | D31: =1 -> 1 | E31: =26 -> 26 | F31: =0 -> 0 | G31: B05 | K31: =IF(D31=0,0,IF(AND(ISNUMBER(E31),E31>=0,ISNUMBER(F31),F31>=0,F31<=1),E31*(1-F31)*(1+Settings!$B$5),0)) -> 31.2 | L31: =IFERROR(INDEX(Settings!$B$10:$B$12,MATCH(C31,{"Core","Practice","Delivery"},0)),0) -> 0.51 | M31: =IF(D31=0,"Skipped",IF(Settings!$B$15<>"Ready","Invalid settings",IF(OR(D31<>1,COUNTIF($A$2:$A$49,A31)<>1,NOT(ISNUMBER(E31)),E31<0,NOT(ISNUMBER(F31)),F31<0,F31>1),"Invalid input",IF(F31=1,"Complete",IF(OR(L31<=0,COUNTIFS($C$2:C30,C31,$M$2:M30,"Blocked*")+COUNTIFS($C$2:C30,C31,$M$2:M30,"Invalid*")>0,AND(G31<>"",OR(IFERROR(INDEX($D$2:$D$30,MATCH(G31,$A$2:$A$30,0)),0)<>1,IFERROR(INDEX($M$2:$M$30,MATCH(G31,$A$2:$A$30,0)),"Blocked")="Blocked",LEFT(IFERROR(INDEX($M$2:$M$30,MATCH(G31,$A$2:$A$30,0)),"Invalid"),7)="Invalid")),AND(H31<>"",OR(IFERROR(INDEX($D$2:$D$30,MATCH(H31,$A$2:$A$30,0)),0)<>1,IFERROR(INDEX($M$2:$M$30,MATCH(H31,$A$2:$A$30,0)),"Blocked")="Blocked",LEFT(IFERROR(INDEX($M$2:$M$30,MATCH(H31,$A$2:$A$30,0)),"Invalid"),7)="Invalid")),AND(I31<>"",OR(IFERROR(INDEX($D$2:$D$30,MATCH(I31,$A$2:$A$30,0)),0)<>1,IFERROR(INDEX($M$2:$M$30,MATCH(I31,$A$2:$A$30,0)),"Blocked")="Blocked",LEFT(IFERROR(INDEX($M$2:$M$30,MATCH(I31,$A$2:$A$30,0)),"Invalid"),7)="Invalid")),AND(J31<>"",OR(IFERROR(INDEX($D$2:$D$30,MATCH(J31,$A$2:$A$30,0)),0)<>1,IFERROR(INDEX($M$2:$M$30,MATCH(J31,$A$2:$A$30,0)),"Blocked")="Blocked",LEFT(IFERROR(INDEX($M$2:$M$30,MATCH(J31,$A$2:$A$30,0)),"Invalid"),7)="Invalid"))),"Blocked","Planned"))))) -> Planned | N31: =IF(M31="Skipped",O30,IF(OR(M31="Planned",M31="Complete"),MAX(O30,IF(G31="",0,IFERROR(INDEX($O$2:$O$30,MATCH(G31,$A$2:$A$30,0)),0)),IF(H31="",0,IFERROR(INDEX($O$2:$O$30,MATCH(H31,$A$2:$A$30,0)),0)),IF(I31="",0,IFERROR(INDEX($O$2:$O$30,MATCH(I31,$A$2:$A$30,0)),0)),IF(J31="",0,IFERROR(INDEX($O$2:$O$30,MATCH(J31,$A$2:$A$30,0)),0))),"")) -> 271.37255 | O31: =IF(M31="Skipped",N31,IF(OR(M31="Planned",M31="Complete"),N31+IF(K31=0,0,K31/L31),"")) -> 332.54902 | P31: =IF(AND(M31="Planned",K31>0),WORKDAY.INTL(Settings!$B$2-1,INT(N31+0.000000001)+1,Settings!$B$4,Holidays!$A$2:$A$101),"") -> 46634 | Q31: =IF(AND(M31="Planned",K31>0),WORKDAY.INTL(Settings!$B$2-1,MAX(1,ROUNDUP(O31-0.000000001,0)),Settings!$B$4,Holidays!$A$2:$A$101),"") -> 46706 | R31: =IF(OR(M31="Planned",M31="Complete"),O31-N31,0) -> 61.176471 | S31: Implement selected Deep-ML problems and explain numerical and model behavior. | T31: https://www.deep-ml.com/paths
A32: P05 | B32: Timed DSA and system-design explanation | C32: Practice | D32: =1 -> 1 | E32: =22 -> 22 | F32: =0 -> 0 | G32: P03 | H32: F05 | K32: =IF(D32=0,0,IF(AND(ISNUMBER(E32),E32>=0,ISNUMBER(F32),F32>=0,F32<=1),E32*(1-F32)*(1+Settings!$B$5),0)) -> 26.4 | L32: =IFERROR(INDEX(Settings!$B$10:$B$12,MATCH(C32,{"Core","Practice","Delivery"},0)),0) -> 0.51 | M32: =IF(D32=0,"Skipped",IF(Settings!$B$15<>"Ready","Invalid settings",IF(OR(D32<>1,COUNTIF($A$2:$A$49,A32)<>1,NOT(ISNUMBER(E32)),E32<0,NOT(ISNUMBER(F32)),F32<0,F32>1),"Invalid input",IF(F32=1,"Complete",IF(OR(L32<=0,COUNTIFS($C$2:C31,C32,$M$2:M31,"Blocked*")+COUNTIFS($C$2:C31,C32,$M$2:M31,"Invalid*")>0,AND(G32<>"",OR(IFERROR(INDEX($D$2:$D$31,MATCH(G32,$A$2:$A$31,0)),0)<>1,IFERROR(INDEX($M$2:$M$31,MATCH(G32,$A$2:$A$31,0)),"Blocked")="Blocked",LEFT(IFERROR(INDEX($M$2:$M$31,MATCH(G32,$A$2:$A$31,0)),"Invalid"),7)="Invalid")),AND(H32<>"",OR(IFERROR(INDEX($D$2:$D$31,MATCH(H32,$A$2:$A$31,0)),0)<>1,IFERROR(INDEX($M$2:$M$31,MATCH(H32,$A$2:$A$31,0)),"Blocked")="Blocked",LEFT(IFERROR(INDEX($M$2:$M$31,MATCH(H32,$A$2:$A$31,0)),"Invalid"),7)="Invalid")),AND(I32<>"",OR(IFERROR(INDEX($D$2:$D$31,MATCH(I32,$A$2:$A$31,0)),0)<>1,IFERROR(INDEX($M$2:$M$31,MATCH(I32,$A$2:$A$31,0)),"Blocked")="Blocked",LEFT(IFERROR(INDEX($M$2:$M$31,MATCH(I32,$A$2:$A$31,0)),"Invalid"),7)="Invalid")),AND(J32<>"",OR(IFERROR(INDEX($D$2:$D$31,MATCH(J32,$A$2:$A$31,0)),0)<>1,IFERROR(INDEX($M$2:$M$31,MATCH(J32,$A$2:$A$31,0)),"Blocked")="Blocked",LEFT(IFERROR(INDEX($M$2:$M$31,MATCH(J32,$A$2:$A$31,0)),"Invalid"),7)="Invalid"))),"Blocked","Planned"))))) -> Planned | N32: =IF(M32="Skipped",O31,IF(OR(M32="Planned",M32="Complete"),MAX(O31,IF(G32="",0,IFERROR(INDEX($O$2:$O$31,MATCH(G32,$A$2:$A$31,0)),0)),IF(H32="",0,IFERROR(INDEX($O$2:$O$31,MATCH(H32,$A$2:$A$31,0)),0)),IF(I32="",0,IFERROR(INDEX($O$2:$O$31,MATCH(I32,$A$2:$A$31,0)),0)),IF(J32="",0,IFERROR(INDEX($O$2:$O$31,MATCH(J32,$A$2:$A$31,0)),0))),"")) -> 332.54902 | O32: =IF(M32="Skipped",N32,IF(OR(M32="Planned",M32="Complete"),N32+IF(K32=0,0,K32/L32),"")) -> 384.31373 | P32: =IF(AND(M32="Planned",K32>0),WORKDAY.INTL(Settings!$B$2-1,INT(N32+0.000000001)+1,Settings!$B$4,Holidays!$A$2:$A$101),"") -> 46706 | Q32: =IF(AND(M32="Planned",K32>0),WORKDAY.INTL(Settings!$B$2-1,MAX(1,ROUNDUP(O32-0.000000001,0)),Settings!$B$4,Holidays!$A$2:$A$101),"") -> 46766 | R32: =IF(OR(M32="Planned",M32="Complete"),O32-N32,0) -> 51.764706 | S32: Complete a mock coding or design exercise with explicit tradeoffs and edge tests. | T32: https://neetcode.io/practice
A33: P06 | B33: Mixed SQL ML DSA revision and interview evidence | C33: Practice | D33: =1 -> 1 | E33: =20 -> 20 | F33: =0 -> 0 | G33: P02 | H33: P04 | I33: P05 | K33: =IF(D33=0,0,IF(AND(ISNUMBER(E33),E33>=0,ISNUMBER(F33),F33>=0,F33<=1),E33*(1-F33)*(1+Settings!$B$5),0)) -> 24 | L33: =IFERROR(INDEX(Settings!$B$10:$B$12,MATCH(C33,{"Core","Practice","Delivery"},0)),0) -> 0.51 | M33: =IF(D33=0,"Skipped",IF(Settings!$B$15<>"Ready","Invalid settings",IF(OR(D33<>1,COUNTIF($A$2:$A$49,A33)<>1,NOT(ISNUMBER(E33)),E33<0,NOT(ISNUMBER(F33)),F33<0,F33>1),"Invalid input",IF(F33=1,"Complete",IF(OR(L33<=0,COUNTIFS($C$2:C32,C33,$M$2:M32,"Blocked*")+COUNTIFS($C$2:C32,C33,$M$2:M32,"Invalid*")>0,AND(G33<>"",OR(IFERROR(INDEX($D$2:$D$32,MATCH(G33,$A$2:$A$32,0)),0)<>1,IFERROR(INDEX($M$2:$M$32,MATCH(G33,$A$2:$A$32,0)),"Blocked")="Blocked",LEFT(IFERROR(INDEX($M$2:$M$32,MATCH(G33,$A$2:$A$32,0)),"Invalid"),7)="Invalid")),AND(H33<>"",OR(IFERROR(INDEX($D$2:$D$32,MATCH(H33,$A$2:$A$32,0)),0)<>1,IFERROR(INDEX($M$2:$M$32,MATCH(H33,$A$2:$A$32,0)),"Blocked")="Blocked",LEFT(IFERROR(INDEX($M$2:$M$32,MATCH(H33,$A$2:$A$32,0)),"Invalid"),7)="Invalid")),AND(I33<>"",OR(IFERROR(INDEX($D$2:$D$32,MATCH(I33,$A$2:$A$32,0)),0)<>1,IFERROR(INDEX($M$2:$M$32,MATCH(I33,$A$2:$A$32,0)),"Blocked")="Blocked",LEFT(IFERROR(INDEX($M$2:$M$32,MATCH(I33,$A$2:$A$32,0)),"Invalid"),7)="Invalid")),AND(J33<>"",OR(IFERROR(INDEX($D$2:$D$32,MATCH(J33,$A$2:$A$32,0)),0)<>1,IFERROR(INDEX($M$2:$M$32,MATCH(J33,$A$2:$A$32,0)),"Blocked")="Blocked",LEFT(IFERROR(INDEX($M$2:$M$32,MATCH(J33,$A$2:$A$32,0)),"Invalid"),7)="Invalid"))),"Blocked","Planned"))))) -> Planned | N33: =IF(M33="Skipped",O32,IF(OR(M33="Planned",M33="Complete"),MAX(O32,IF(G33="",0,IFERROR(INDEX($O$2:$O$32,MATCH(G33,$A$2:$A$32,0)),0)),IF(H33="",0,IFERROR(INDEX($O$2:$O$32,MATCH(H33,$A$2:$A$32,0)),0)),IF(I33="",0,IFERROR(INDEX($O$2:$O$32,MATCH(I33,$A$2:$A$32,0)),0)),IF(J33="",0,IFERROR(INDEX($O$2:$O$32,MATCH(J33,$A$2:$A$32,0)),0))),"")) -> 384.31373 | O33: =IF(M33="Skipped",N33,IF(OR(M33="Planned",M33="Complete"),N33+IF(K33=0,0,K33/L33),"")) -> 431.37255 | P33: =IF(AND(M33="Planned",K33>0),WORKDAY.INTL(Settings!$B$2-1,INT(N33+0.000000001)+1,Settings!$B$4,Holidays!$A$2:$A$101),"") -> 46766 | Q33: =IF(AND(M33="Planned",K33>0),WORKDAY.INTL(Settings!$B$2-1,MAX(1,ROUNDUP(O33-0.000000001,0)),Settings!$B$4,Holidays!$A$2:$A$101),"") -> 46821 | R33: =IF(OR(M33="Planned",M33="Complete"),O33-N33,0) -> 47.058824 | S33: Revisit mistakes unaided and present a measured project case study. | T33: https://datalemur.com/
A34: D01 | B34: Discovery and business workflow framing | C34: Delivery | D34: =1 -> 1 | E34: =10 -> 10 | F34: =0 -> 0 | G34: F01 | K34: =IF(D34=0,0,IF(AND(ISNUMBER(E34),E34>=0,ISNUMBER(F34),F34>=0,F34<=1),E34*(1-F34)*(1+Settings!$B$5),0)) -> 12 | L34: =IFERROR(INDEX(Settings!$B$10:$B$12,MATCH(C34,{"Core","Practice","Delivery"},0)),0) -> 0.51 | M34: =IF(D34=0,"Skipped",IF(Settings!$B$15<>"Ready","Invalid settings",IF(OR(D34<>1,COUNTIF($A$2:$A$49,A34)<>1,NOT(ISNUMBER(E34)),E34<0,NOT(ISNUMBER(F34)),F34<0,F34>1),"Invalid input",IF(F34=1,"Complete",IF(OR(L34<=0,COUNTIFS($C$2:C33,C34,$M$2:M33,"Blocked*")+COUNTIFS($C$2:C33,C34,$M$2:M33,"Invalid*")>0,AND(G34<>"",OR(IFERROR(INDEX($D$2:$D$33,MATCH(G34,$A$2:$A$33,0)),0)<>1,IFERROR(INDEX($M$2:$M$33,MATCH(G34,$A$2:$A$33,0)),"Blocked")="Blocked",LEFT(IFERROR(INDEX($M$2:$M$33,MATCH(G34,$A$2:$A$33,0)),"Invalid"),7)="Invalid")),AND(H34<>"",OR(IFERROR(INDEX($D$2:$D$33,MATCH(H34,$A$2:$A$33,0)),0)<>1,IFERROR(INDEX($M$2:$M$33,MATCH(H34,$A$2:$A$33,0)),"Blocked")="Blocked",LEFT(IFERROR(INDEX($M$2:$M$33,MATCH(H34,$A$2:$A$33,0)),"Invalid"),7)="Invalid")),AND(I34<>"",OR(IFERROR(INDEX($D$2:$D$33,MATCH(I34,$A$2:$A$33,0)),0)<>1,IFERROR(INDEX($M$2:$M$33,MATCH(I34,$A$2:$A$33,0)),"Blocked")="Blocked",LEFT(IFERROR(INDEX($M$2:$M$33,MATCH(I34,$A$2:$A$33,0)),"Invalid"),7)="Invalid")),AND(J34<>"",OR(IFERROR(INDEX($D$2:$D$33,MATCH(J34,$A$2:$A$33,0)),0)<>1,IFERROR(INDEX($M$2:$M$33,MATCH(J34,$A$2:$A$33,0)),"Blocked")="Blocked",LEFT(IFERROR(INDEX($M$2:$M$33,MATCH(J34,$A$2:$A$33,0)),"Invalid"),7)="Invalid"))),"Blocked","Planned"))))) -> Planned | N34: =IF(M34="Skipped",0,IF(OR(M34="Planned",M34="Complete"),MAX(0,IF(G34="",0,IFERROR(INDEX($O$2:$O$33,MATCH(G34,$A$2:$A$33,0)),0)),IF(H34="",0,IFERROR(INDEX($O$2:$O$33,MATCH(H34,$A$2:$A$33,0)),0)),IF(I34="",0,IFERROR(INDEX($O$2:$O$33,MATCH(I34,$A$2:$A$33,0)),0)),IF(J34="",0,IFERROR(INDEX($O$2:$O$33,MATCH(J34,$A$2:$A$33,0)),0))),"")) -> 3.1372549 | O34: =IF(M34="Skipped",N34,IF(OR(M34="Planned",M34="Complete"),N34+IF(K34=0,0,K34/L34),"")) -> 26.666667 | P34: =IF(AND(M34="Planned",K34>0),WORKDAY.INTL(Settings!$B$2-1,INT(N34+0.000000001)+1,Settings!$B$4,Holidays!$A$2:$A$101),"") -> 46322 | Q34: =IF(AND(M34="Planned",K34>0),WORKDAY.INTL(Settings!$B$2-1,MAX(1,ROUNDUP(O34-0.000000001,0)),Settings!$B$4,Holidays!$A$2:$A$101),"") -> 46349 | R34: =IF(OR(M34="Planned",M34="Complete"),O34-N34,0) -> 23.529412 | S34: Write a pilot brief with users, baseline, constraints, assumptions, and stop criteria. | T34: https://www.momtestbook.com/
A35: D02 | B35: Requirements scoping and stakeholder alignment | C35: Delivery | D35: =1 -> 1 | E35: =12 -> 12 | F35: =0 -> 0 | G35: D01 | K35: =IF(D35=0,0,IF(AND(ISNUMBER(E35),E35>=0,ISNUMBER(F35),F35>=0,F35<=1),E35*(1-F35)*(1+Settings!$B$5),0)) -> 14.4 | L35: =IFERROR(INDEX(Settings!$B$10:$B$12,MATCH(C35,{"Core","Practice","Delivery"},0)),0) -> 0.51 | M35: =IF(D35=0,"Skipped",IF(Settings!$B$15<>"Ready","Invalid settings",IF(OR(D35<>1,COUNTIF($A$2:$A$49,A35)<>1,NOT(ISNUMBER(E35)),E35<0,NOT(ISNUMBER(F35)),F35<0,F35>1),"Invalid input",IF(F35=1,"Complete",IF(OR(L35<=0,COUNTIFS($C$2:C34,C35,$M$2:M34,"Blocked*")+COUNTIFS($C$2:C34,C35,$M$2:M34,"Invalid*")>0,AND(G35<>"",OR(IFERROR(INDEX($D$2:$D$34,MATCH(G35,$A$2:$A$34,0)),0)<>1,IFERROR(INDEX($M$2:$M$34,MATCH(G35,$A$2:$A$34,0)),"Blocked")="Blocked",LEFT(IFERROR(INDEX($M$2:$M$34,MATCH(G35,$A$2:$A$34,0)),"Invalid"),7)="Invalid")),AND(H35<>"",OR(IFERROR(INDEX($D$2:$D$34,MATCH(H35,$A$2:$A$34,0)),0)<>1,IFERROR(INDEX($M$2:$M$34,MATCH(H35,$A$2:$A$34,0)),"Blocked")="Blocked",LEFT(IFERROR(INDEX($M$2:$M$34,MATCH(H35,$A$2:$A$34,0)),"Invalid"),7)="Invalid")),AND(I35<>"",OR(IFERROR(INDEX($D$2:$D$34,MATCH(I35,$A$2:$A$34,0)),0)<>1,IFERROR(INDEX($M$2:$M$34,MATCH(I35,$A$2:$A$34,0)),"Blocked")="Blocked",LEFT(IFERROR(INDEX($M$2:$M$34,MATCH(I35,$A$2:$A$34,0)),"Invalid"),7)="Invalid")),AND(J35<>"",OR(IFERROR(INDEX($D$2:$D$34,MATCH(J35,$A$2:$A$34,0)),0)<>1,IFERROR(INDEX($M$2:$M$34,MATCH(J35,$A$2:$A$34,0)),"Blocked")="Blocked",LEFT(IFERROR(INDEX($M$2:$M$34,MATCH(J35,$A$2:$A$34,0)),"Invalid"),7)="Invalid"))),"Blocked","Planned"))))) -> Planned | N35: =IF(M35="Skipped",O34,IF(OR(M35="Planned",M35="Complete"),MAX(O34,IF(G35="",0,IFERROR(INDEX($O$2:$O$34,MATCH(G35,$A$2:$A$34,0)),0)),IF(H35="",0,IFERROR(INDEX($O$2:$O$34,MATCH(H35,$A$2:$A$34,0)),0)),IF(I35="",0,IFERROR(INDEX($O$2:$O$34,MATCH(I35,$A$2:$A$34,0)),0)),IF(J35="",0,IFERROR(INDEX($O$2:$O$34,MATCH(J35,$A$2:$A$34,0)),0))),"")) -> 26.666667 | O35: =IF(M35="Skipped",N35,IF(OR(M35="Planned",M35="Complete"),N35+IF(K35=0,0,K35/L35),"")) -> 54.901961 | P35: =IF(AND(M35="Planned",K35>0),WORKDAY.INTL(Settings!$B$2-1,INT(N35+0.000000001)+1,Settings!$B$4,Holidays!$A$2:$A$101),"") -> 46349 | Q35: =IF(AND(M35="Planned",K35>0),WORKDAY.INTL(Settings!$B$2-1,MAX(1,ROUNDUP(O35-0.000000001,0)),Settings!$B$4,Holidays!$A$2:$A$101),"") -> 46381 | R35: =IF(OR(M35="Planned",M35="Complete"),O35-N35,0) -> 28.235294 | S35: Agree acceptance evidence and decision ownership with representative stakeholders. | T35: https://roadmap.sh/forward-deployed-engineer
A36: D03 | B36: Privacy governance and data permissions | C36: Delivery | D36: =1 -> 1 | E36: =12 -> 12 | F36: =0 -> 0 | G36: D02 | K36: =IF(D36=0,0,IF(AND(ISNUMBER(E36),E36>=0,ISNUMBER(F36),F36>=0,F36<=1),E36*(1-F36)*(1+Settings!$B$5),0)) -> 14.4 | L36: =IFERROR(INDEX(Settings!$B$10:$B$12,MATCH(C36,{"Core","Practice","Delivery"},0)),0) -> 0.51 | M36: =IF(D36=0,"Skipped",IF(Settings!$B$15<>"Ready","Invalid settings",IF(OR(D36<>1,COUNTIF($A$2:$A$49,A36)<>1,NOT(ISNUMBER(E36)),E36<0,NOT(ISNUMBER(F36)),F36<0,F36>1),"Invalid input",IF(F36=1,"Complete",IF(OR(L36<=0,COUNTIFS($C$2:C35,C36,$M$2:M35,"Blocked*")+COUNTIFS($C$2:C35,C36,$M$2:M35,"Invalid*")>0,AND(G36<>"",OR(IFERROR(INDEX($D$2:$D$35,MATCH(G36,$A$2:$A$35,0)),0)<>1,IFERROR(INDEX($M$2:$M$35,MATCH(G36,$A$2:$A$35,0)),"Blocked")="Blocked",LEFT(IFERROR(INDEX($M$2:$M$35,MATCH(G36,$A$2:$A$35,0)),"Invalid"),7)="Invalid")),AND(H36<>"",OR(IFERROR(INDEX($D$2:$D$35,MATCH(H36,$A$2:$A$35,0)),0)<>1,IFERROR(INDEX($M$2:$M$35,MATCH(H36,$A$2:$A$35,0)),"Blocked")="Blocked",LEFT(IFERROR(INDEX($M$2:$M$35,MATCH(H36,$A$2:$A$35,0)),"Invalid"),7)="Invalid")),AND(I36<>"",OR(IFERROR(INDEX($D$2:$D$35,MATCH(I36,$A$2:$A$35,0)),0)<>1,IFERROR(INDEX($M$2:$M$35,MATCH(I36,$A$2:$A$35,0)),"Blocked")="Blocked",LEFT(IFERROR(INDEX($M$2:$M$35,MATCH(I36,$A$2:$A$35,0)),"Invalid"),7)="Invalid")),AND(J36<>"",OR(IFERROR(INDEX($D$2:$D$35,MATCH(J36,$A$2:$A$35,0)),0)<>1,IFERROR(INDEX($M$2:$M$35,MATCH(J36,$A$2:$A$35,0)),"Blocked")="Blocked",LEFT(IFERROR(INDEX($M$2:$M$35,MATCH(J36,$A$2:$A$35,0)),"Invalid"),7)="Invalid"))),"Blocked","Planned"))))) -> Planned | N36: =IF(M36="Skipped",O35,IF(OR(M36="Planned",M36="Complete"),MAX(O35,IF(G36="",0,IFERROR(INDEX($O$2:$O$35,MATCH(G36,$A$2:$A$35,0)),0)),IF(H36="",0,IFERROR(INDEX($O$2:$O$35,MATCH(H36,$A$2:$A$35,0)),0)),IF(I36="",0,IFERROR(INDEX($O$2:$O$35,MATCH(I36,$A$2:$A$35,0)),0)),IF(J36="",0,IFERROR(INDEX($O$2:$O$35,MATCH(J36,$A$2:$A$35,0)),0))),"")) -> 54.901961 | O36: =IF(M36="Skipped",N36,IF(OR(M36="Planned",M36="Complete"),N36+IF(K36=0,0,K36/L36),"")) -> 83.137255 | P36: =IF(AND(M36="Planned",K36>0),WORKDAY.INTL(Settings!$B$2-1,INT(N36+0.000000001)+1,Settings!$B$4,Holidays!$A$2:$A$101),"") -> 46381 | Q36: =IF(AND(M36="Planned",K36>0),WORKDAY.INTL(Settings!$B$2-1,MAX(1,ROUNDUP(O36-0.000000001,0)),Settings!$B$4,Holidays!$A$2:$A$101),"") -> 46415 | R36: =IF(OR(M36="Planned",M36="Complete"),O36-N36,0) -> 28.235294 | S36: Document data flows, retention, permissions, vendor assumptions, and review owners. | T36: https://www.nist.gov/itl/ai-risk-management-framework
A37: D04 | B37: Capstone data audit and non-AI baseline | C37: Delivery | D37: =1 -> 1 | E37: =14 -> 14 | F37: =0 -> 0 | G37: F08 | H37: D03 | K37: =IF(D37=0,0,IF(AND(ISNUMBER(E37),E37>=0,ISNUMBER(F37),F37>=0,F37<=1),E37*(1-F37)*(1+Settings!$B$5),0)) -> 16.8 | L37: =IFERROR(INDEX(Settings!$B$10:$B$12,MATCH(C37,{"Core","Practice","Delivery"},0)),0) -> 0.51 | M37: =IF(D37=0,"Skipped",IF(Settings!$B$15<>"Ready","Invalid settings",IF(OR(D37<>1,COUNTIF($A$2:$A$49,A37)<>1,NOT(ISNUMBER(E37)),E37<0,NOT(ISNUMBER(F37)),F37<0,F37>1),"Invalid input",IF(F37=1,"Complete",IF(OR(L37<=0,COUNTIFS($C$2:C36,C37,$M$2:M36,"Blocked*")+COUNTIFS($C$2:C36,C37,$M$2:M36,"Invalid*")>0,AND(G37<>"",OR(IFERROR(INDEX($D$2:$D$36,MATCH(G37,$A$2:$A$36,0)),0)<>1,IFERROR(INDEX($M$2:$M$36,MATCH(G37,$A$2:$A$36,0)),"Blocked")="Blocked",LEFT(IFERROR(INDEX($M$2:$M$36,MATCH(G37,$A$2:$A$36,0)),"Invalid"),7)="Invalid")),AND(H37<>"",OR(IFERROR(INDEX($D$2:$D$36,MATCH(H37,$A$2:$A$36,0)),0)<>1,IFERROR(INDEX($M$2:$M$36,MATCH(H37,$A$2:$A$36,0)),"Blocked")="Blocked",LEFT(IFERROR(INDEX($M$2:$M$36,MATCH(H37,$A$2:$A$36,0)),"Invalid"),7)="Invalid")),AND(I37<>"",OR(IFERROR(INDEX($D$2:$D$36,MATCH(I37,$A$2:$A$36,0)),0)<>1,IFERROR(INDEX($M$2:$M$36,MATCH(I37,$A$2:$A$36,0)),"Blocked")="Blocked",LEFT(IFERROR(INDEX($M$2:$M$36,MATCH(I37,$A$2:$A$36,0)),"Invalid"),7)="Invalid")),AND(J37<>"",OR(IFERROR(INDEX($D$2:$D$36,MATCH(J37,$A$2:$A$36,0)),0)<>1,IFERROR(INDEX($M$2:$M$36,MATCH(J37,$A$2:$A$36,0)),"Blocked")="Blocked",LEFT(IFERROR(INDEX($M$2:$M$36,MATCH(J37,$A$2:$A$36,0)),"Invalid"),7)="Invalid"))),"Blocked","Planned"))))) -> Planned | N37: =IF(M37="Skipped",O36,IF(OR(M37="Planned",M37="Complete"),MAX(O36,IF(G37="",0,IFERROR(INDEX($O$2:$O$36,MATCH(G37,$A$2:$A$36,0)),0)),IF(H37="",0,IFERROR(INDEX($O$2:$O$36,MATCH(H37,$A$2:$A$36,0)),0)),IF(I37="",0,IFERROR(INDEX($O$2:$O$36,MATCH(I37,$A$2:$A$36,0)),0)),IF(J37="",0,IFERROR(INDEX($O$2:$O$36,MATCH(J37,$A$2:$A$36,0)),0))),"")) -> 153.72549 | O37: =IF(M37="Skipped",N37,IF(OR(M37="Planned",M37="Complete"),N37+IF(K37=0,0,K37/L37),"")) -> 186.66667 | P37: =IF(AND(M37="Planned",K37>0),WORKDAY.INTL(Settings!$B$2-1,INT(N37+0.000000001)+1,Settings!$B$4,Holidays!$A$2:$A$101),"") -> 46497 | Q37: =IF(AND(M37="Planned",K37>0),WORKDAY.INTL(Settings!$B$2-1,MAX(1,ROUNDUP(O37-0.000000001,0)),Settings!$B$4,Holidays!$A$2:$A$101),"") -> 46535 | R37: =IF(OR(M37="Planned",M37="Complete"),O37-N37,0) -> 32.941176 | S37: Build a synthetic multi-tenant dataset and reconcile baseline task measurements. | T37: https://datalemur.com/
A38: D05 | B38: Capstone full-stack vertical slice | C38: Delivery | D38: =1 -> 1 | E38: =28 -> 28 | F38: =0 -> 0 | G38: F07 | H38: D04 | K38: =IF(D38=0,0,IF(AND(ISNUMBER(E38),E38>=0,ISNUMBER(F38),F38>=0,F38<=1),E38*(1-F38)*(1+Settings!$B$5),0)) -> 33.6 | L38: =IFERROR(INDEX(Settings!$B$10:$B$12,MATCH(C38,{"Core","Practice","Delivery"},0)),0) -> 0.51 | M38: =IF(D38=0,"Skipped",IF(Settings!$B$15<>"Ready","Invalid settings",IF(OR(D38<>1,COUNTIF($A$2:$A$49,A38)<>1,NOT(ISNUMBER(E38)),E38<0,NOT(ISNUMBER(F38)),F38<0,F38>1),"Invalid input",IF(F38=1,"Complete",IF(OR(L38<=0,COUNTIFS($C$2:C37,C38,$M$2:M37,"Blocked*")+COUNTIFS($C$2:C37,C38,$M$2:M37,"Invalid*")>0,AND(G38<>"",OR(IFERROR(INDEX($D$2:$D$37,MATCH(G38,$A$2:$A$37,0)),0)<>1,IFERROR(INDEX($M$2:$M$37,MATCH(G38,$A$2:$A$37,0)),"Blocked")="Blocked",LEFT(IFERROR(INDEX($M$2:$M$37,MATCH(G38,$A$2:$A$37,0)),"Invalid"),7)="Invalid")),AND(H38<>"",OR(IFERROR(INDEX($D$2:$D$37,MATCH(H38,$A$2:$A$37,0)),0)<>1,IFERROR(INDEX($M$2:$M$37,MATCH(H38,$A$2:$A$37,0)),"Blocked")="Blocked",LEFT(IFERROR(INDEX($M$2:$M$37,MATCH(H38,$A$2:$A$37,0)),"Invalid"),7)="Invalid")),AND(I38<>"",OR(IFERROR(INDEX($D$2:$D$37,MATCH(I38,$A$2:$A$37,0)),0)<>1,IFERROR(INDEX($M$2:$M$37,MATCH(I38,$A$2:$A$37,0)),"Blocked")="Blocked",LEFT(IFERROR(INDEX($M$2:$M$37,MATCH(I38,$A$2:$A$37,0)),"Invalid"),7)="Invalid")),AND(J38<>"",OR(IFERROR(INDEX($D$2:$D$37,MATCH(J38,$A$2:$A$37,0)),0)<>1,IFERROR(INDEX($M$2:$M$37,MATCH(J38,$A$2:$A$37,0)),"Blocked")="Blocked",LEFT(IFERROR(INDEX($M$2:$M$37,MATCH(J38,$A$2:$A$37,0)),"Invalid"),7)="Invalid"))),"Blocked","Planned"))))) -> Planned | N38: =IF(M38="Skipped",O37,IF(OR(M38="Planned",M38="Complete"),MAX(O37,IF(G38="",0,IFERROR(INDEX($O$2:$O$37,MATCH(G38,$A$2:$A$37,0)),0)),IF(H38="",0,IFERROR(INDEX($O$2:$O$37,MATCH(H38,$A$2:$A$37,0)),0)),IF(I38="",0,IFERROR(INDEX($O$2:$O$37,MATCH(I38,$A$2:$A$37,0)),0)),IF(J38="",0,IFERROR(INDEX($O$2:$O$37,MATCH(J38,$A$2:$A$37,0)),0))),"")) -> 186.66667 | O38: =IF(M38="Skipped",N38,IF(OR(M38="Planned",M38="Complete"),N38+IF(K38=0,0,K38/L38),"")) -> 252.54902 | P38: =IF(AND(M38="Planned",K38>0),WORKDAY.INTL(Settings!$B$2-1,INT(N38+0.000000001)+1,Settings!$B$4,Holidays!$A$2:$A$101),"") -> 46535 | Q38: =IF(AND(M38="Planned",K38>0),WORKDAY.INTL(Settings!$B$2-1,MAX(1,ROUNDUP(O38-0.000000001,0)),Settings!$B$4,Holidays!$A$2:$A$101),"") -> 46612 | R38: =IF(OR(M38="Planned",M38="Complete"),O38-N38,0) -> 65.882353 | S38: Deliver an authenticated operator flow with durable state and explicit errors. | T38: https://roadmap.sh/full-stack
A39: D06 | B39: Capstone retrieval and evaluation pilot | C39: Delivery | D39: =1 -> 1 | E39: =24 -> 24 | F39: =0 -> 0 | G39: A04 | H39: D05 | K39: =IF(D39=0,0,IF(AND(ISNUMBER(E39),E39>=0,ISNUMBER(F39),F39>=0,F39<=1),E39*(1-F39)*(1+Settings!$B$5),0)) -> 28.8 | L39: =IFERROR(INDEX(Settings!$B$10:$B$12,MATCH(C39,{"Core","Practice","Delivery"},0)),0) -> 0.51 | M39: =IF(D39=0,"Skipped",IF(Settings!$B$15<>"Ready","Invalid settings",IF(OR(D39<>1,COUNTIF($A$2:$A$49,A39)<>1,NOT(ISNUMBER(E39)),E39<0,NOT(ISNUMBER(F39)),F39<0,F39>1),"Invalid input",IF(F39=1,"Complete",IF(OR(L39<=0,COUNTIFS($C$2:C38,C39,$M$2:M38,"Blocked*")+COUNTIFS($C$2:C38,C39,$M$2:M38,"Invalid*")>0,AND(G39<>"",OR(IFERROR(INDEX($D$2:$D$38,MATCH(G39,$A$2:$A$38,0)),0)<>1,IFERROR(INDEX($M$2:$M$38,MATCH(G39,$A$2:$A$38,0)),"Blocked")="Blocked",LEFT(IFERROR(INDEX($M$2:$M$38,MATCH(G39,$A$2:$A$38,0)),"Invalid"),7)="Invalid")),AND(H39<>"",OR(IFERROR(INDEX($D$2:$D$38,MATCH(H39,$A$2:$A$38,0)),0)<>1,IFERROR(INDEX($M$2:$M$38,MATCH(H39,$A$2:$A$38,0)),"Blocked")="Blocked",LEFT(IFERROR(INDEX($M$2:$M$38,MATCH(H39,$A$2:$A$38,0)),"Invalid"),7)="Invalid")),AND(I39<>"",OR(IFERROR(INDEX($D$2:$D$38,MATCH(I39,$A$2:$A$38,0)),0)<>1,IFERROR(INDEX($M$2:$M$38,MATCH(I39,$A$2:$A$38,0)),"Blocked")="Blocked",LEFT(IFERROR(INDEX($M$2:$M$38,MATCH(I39,$A$2:$A$38,0)),"Invalid"),7)="Invalid")),AND(J39<>"",OR(IFERROR(INDEX($D$2:$D$38,MATCH(J39,$A$2:$A$38,0)),0)<>1,IFERROR(INDEX($M$2:$M$38,MATCH(J39,$A$2:$A$38,0)),"Blocked")="Blocked",LEFT(IFERROR(INDEX($M$2:$M$38,MATCH(J39,$A$2:$A$38,0)),"Invalid"),7)="Invalid"))),"Blocked","Planned"))))) -> Planned | N39: =IF(M39="Skipped",O38,IF(OR(M39="Planned",M39="Complete"),MAX(O38,IF(G39="",0,IFERROR(INDEX($O$2:$O$38,MATCH(G39,$A$2:$A$38,0)),0)),IF(H39="",0,IFERROR(INDEX($O$2:$O$38,MATCH(H39,$A$2:$A$38,0)),0)),IF(I39="",0,IFERROR(INDEX($O$2:$O$38,MATCH(I39,$A$2:$A$38,0)),0)),IF(J39="",0,IFERROR(INDEX($O$2:$O$38,MATCH(J39,$A$2:$A$38,0)),0))),"")) -> 320 | O39: =IF(M39="Skipped",N39,IF(OR(M39="Planned",M39="Complete"),N39+IF(K39=0,0,K39/L39),"")) -> 376.47059 | P39: =IF(AND(M39="Planned",K39>0),WORKDAY.INTL(Settings!$B$2-1,INT(N39+0.000000001)+1,Settings!$B$4,Holidays!$A$2:$A$101),"") -> 46692 | Q39: =IF(AND(M39="Planned",K39>0),WORKDAY.INTL(Settings!$B$2-1,MAX(1,ROUNDUP(O39-0.000000001,0)),Settings!$B$4,Holidays!$A$2:$A$101),"") -> 46757 | R39: =IF(OR(M39="Planned",M39="Complete"),O39-N39,0) -> 56.470588 | S39: Demonstrate supported answers, abstention, and versioned case-level evaluations. | T39: https://eugeneyan.com/writing/
A40: D07 | B40: Capstone bounded actions and failure rehearsal | C40: Delivery | D40: =1 -> 1 | E40: =16 -> 16 | F40: =0 -> 0 | G40: A06 | H40: D06 | I40: D03 | K40: =IF(D40=0,0,IF(AND(ISNUMBER(E40),E40>=0,ISNUMBER(F40),F40>=0,F40<=1),E40*(1-F40)*(1+Settings!$B$5),0)) -> 19.2 | L40: =IFERROR(INDEX(Settings!$B$10:$B$12,MATCH(C40,{"Core","Practice","Delivery"},0)),0) -> 0.51 | M40: =IF(D40=0,"Skipped",IF(Settings!$B$15<>"Ready","Invalid settings",IF(OR(D40<>1,COUNTIF($A$2:$A$49,A40)<>1,NOT(ISNUMBER(E40)),E40<0,NOT(ISNUMBER(F40)),F40<0,F40>1),"Invalid input",IF(F40=1,"Complete",IF(OR(L40<=0,COUNTIFS($C$2:C39,C40,$M$2:M39,"Blocked*")+COUNTIFS($C$2:C39,C40,$M$2:M39,"Invalid*")>0,AND(G40<>"",OR(IFERROR(INDEX($D$2:$D$39,MATCH(G40,$A$2:$A$39,0)),0)<>1,IFERROR(INDEX($M$2:$M$39,MATCH(G40,$A$2:$A$39,0)),"Blocked")="Blocked",LEFT(IFERROR(INDEX($M$2:$M$39,MATCH(G40,$A$2:$A$39,0)),"Invalid"),7)="Invalid")),AND(H40<>"",OR(IFERROR(INDEX($D$2:$D$39,MATCH(H40,$A$2:$A$39,0)),0)<>1,IFERROR(INDEX($M$2:$M$39,MATCH(H40,$A$2:$A$39,0)),"Blocked")="Blocked",LEFT(IFERROR(INDEX($M$2:$M$39,MATCH(H40,$A$2:$A$39,0)),"Invalid"),7)="Invalid")),AND(I40<>"",OR(IFERROR(INDEX($D$2:$D$39,MATCH(I40,$A$2:$A$39,0)),0)<>1,IFERROR(INDEX($M$2:$M$39,MATCH(I40,$A$2:$A$39,0)),"Blocked")="Blocked",LEFT(IFERROR(INDEX($M$2:$M$39,MATCH(I40,$A$2:$A$39,0)),"Invalid"),7)="Invalid")),AND(J40<>"",OR(IFERROR(INDEX($D$2:$D$39,MATCH(J40,$A$2:$A$39,0)),0)<>1,IFERROR(INDEX($M$2:$M$39,MATCH(J40,$A$2:$A$39,0)),"Blocked")="Blocked",LEFT(IFERROR(INDEX($M$2:$M$39,MATCH(J40,$A$2:$A$39,0)),"Invalid"),7)="Invalid"))),"Blocked","Planned"))))) -> Planned | N40: =IF(M40="Skipped",O39,IF(OR(M40="Planned",M40="Complete"),MAX(O39,IF(G40="",0,IFERROR(INDEX($O$2:$O$39,MATCH(G40,$A$2:$A$39,0)),0)),IF(H40="",0,IFERROR(INDEX($O$2:$O$39,MATCH(H40,$A$2:$A$39,0)),0)),IF(I40="",0,IFERROR(INDEX($O$2:$O$39,MATCH(I40,$A$2:$A$39,0)),0)),IF(J40="",0,IFERROR(INDEX($O$2:$O$39,MATCH(J40,$A$2:$A$39,0)),0))),"")) -> 378.03922 | O40: =IF(M40="Skipped",N40,IF(OR(M40="Planned",M40="Complete"),N40+IF(K40=0,0,K40/L40),"")) -> 415.68627 | P40: =IF(AND(M40="Planned",K40>0),WORKDAY.INTL(Settings!$B$2-1,INT(N40+0.000000001)+1,Settings!$B$4,Holidays!$A$2:$A$101),"") -> 46759 | Q40: =IF(AND(M40="Planned",K40>0),WORKDAY.INTL(Settings!$B$2-1,MAX(1,ROUNDUP(O40-0.000000001,0)),Settings!$B$4,Holidays!$A$2:$A$101),"") -> 46802 | R40: =IF(OR(M40="Planned",M40="Complete"),O40-N40,0) -> 37.647059 | S40: Demonstrate trusted approval, replay-safe actions, and recovery from a tool outage. | T40: https://genai.owasp.org/llm-top-10/
A41: D08 | B41: Deployment user acceptance and recovery | C41: Delivery | D41: =1 -> 1 | E41: =20 -> 20 | F41: =0 -> 0 | G41: C04 | H41: D07 | K41: =IF(D41=0,0,IF(AND(ISNUMBER(E41),E41>=0,ISNUMBER(F41),F41>=0,F41<=1),E41*(1-F41)*(1+Settings!$B$5),0)) -> 24 | L41: =IFERROR(INDEX(Settings!$B$10:$B$12,MATCH(C41,{"Core","Practice","Delivery"},0)),0) -> 0.51 | M41: =IF(D41=0,"Skipped",IF(Settings!$B$15<>"Ready","Invalid settings",IF(OR(D41<>1,COUNTIF($A$2:$A$49,A41)<>1,NOT(ISNUMBER(E41)),E41<0,NOT(ISNUMBER(F41)),F41<0,F41>1),"Invalid input",IF(F41=1,"Complete",IF(OR(L41<=0,COUNTIFS($C$2:C40,C41,$M$2:M40,"Blocked*")+COUNTIFS($C$2:C40,C41,$M$2:M40,"Invalid*")>0,AND(G41<>"",OR(IFERROR(INDEX($D$2:$D$40,MATCH(G41,$A$2:$A$40,0)),0)<>1,IFERROR(INDEX($M$2:$M$40,MATCH(G41,$A$2:$A$40,0)),"Blocked")="Blocked",LEFT(IFERROR(INDEX($M$2:$M$40,MATCH(G41,$A$2:$A$40,0)),"Invalid"),7)="Invalid")),AND(H41<>"",OR(IFERROR(INDEX($D$2:$D$40,MATCH(H41,$A$2:$A$40,0)),0)<>1,IFERROR(INDEX($M$2:$M$40,MATCH(H41,$A$2:$A$40,0)),"Blocked")="Blocked",LEFT(IFERROR(INDEX($M$2:$M$40,MATCH(H41,$A$2:$A$40,0)),"Invalid"),7)="Invalid")),AND(I41<>"",OR(IFERROR(INDEX($D$2:$D$40,MATCH(I41,$A$2:$A$40,0)),0)<>1,IFERROR(INDEX($M$2:$M$40,MATCH(I41,$A$2:$A$40,0)),"Blocked")="Blocked",LEFT(IFERROR(INDEX($M$2:$M$40,MATCH(I41,$A$2:$A$40,0)),"Invalid"),7)="Invalid")),AND(J41<>"",OR(IFERROR(INDEX($D$2:$D$40,MATCH(J41,$A$2:$A$40,0)),0)<>1,IFERROR(INDEX($M$2:$M$40,MATCH(J41,$A$2:$A$40,0)),"Blocked")="Blocked",LEFT(IFERROR(INDEX($M$2:$M$40,MATCH(J41,$A$2:$A$40,0)),"Invalid"),7)="Invalid"))),"Blocked","Planned"))))) -> Planned | N41: =IF(M41="Skipped",O40,IF(OR(M41="Planned",M41="Complete"),MAX(O40,IF(G41="",0,IFERROR(INDEX($O$2:$O$40,MATCH(G41,$A$2:$A$40,0)),0)),IF(H41="",0,IFERROR(INDEX($O$2:$O$40,MATCH(H41,$A$2:$A$40,0)),0)),IF(I41="",0,IFERROR(INDEX($O$2:$O$40,MATCH(I41,$A$2:$A$40,0)),0)),IF(J41="",0,IFERROR(INDEX($O$2:$O$40,MATCH(J41,$A$2:$A$40,0)),0))),"")) -> 453.33333 | O41: =IF(M41="Skipped",N41,IF(OR(M41="Planned",M41="Complete"),N41+IF(K41=0,0,K41/L41),"")) -> 500.39216 | P41: =IF(AND(M41="Planned",K41>0),WORKDAY.INTL(Settings!$B$2-1,INT(N41+0.000000001)+1,Settings!$B$4,Holidays!$A$2:$A$101),"") -> 46847 | Q41: =IF(AND(M41="Planned",K41>0),WORKDAY.INTL(Settings!$B$2-1,MAX(1,ROUNDUP(O41-0.000000001,0)),Settings!$B$4,Holidays!$A$2:$A$101),"") -> 46902 | R41: =IF(OR(M41="Planned",M41="Complete"),O41-N41,0) -> 47.058824 | S41: Run representative UAT and rehearse deployment, restore, and rollback or roll-forward. | T41: https://sre.google/books/
A42: D09 | B42: Operational handover and technical writing | C42: Delivery | D42: =1 -> 1 | E42: =14 -> 14 | F42: =0 -> 0 | G42: D08 | K42: =IF(D42=0,0,IF(AND(ISNUMBER(E42),E42>=0,ISNUMBER(F42),F42>=0,F42<=1),E42*(1-F42)*(1+Settings!$B$5),0)) -> 16.8 | L42: =IFERROR(INDEX(Settings!$B$10:$B$12,MATCH(C42,{"Core","Practice","Delivery"},0)),0) -> 0.51 | M42: =IF(D42=0,"Skipped",IF(Settings!$B$15<>"Ready","Invalid settings",IF(OR(D42<>1,COUNTIF($A$2:$A$49,A42)<>1,NOT(ISNUMBER(E42)),E42<0,NOT(ISNUMBER(F42)),F42<0,F42>1),"Invalid input",IF(F42=1,"Complete",IF(OR(L42<=0,COUNTIFS($C$2:C41,C42,$M$2:M41,"Blocked*")+COUNTIFS($C$2:C41,C42,$M$2:M41,"Invalid*")>0,AND(G42<>"",OR(IFERROR(INDEX($D$2:$D$41,MATCH(G42,$A$2:$A$41,0)),0)<>1,IFERROR(INDEX($M$2:$M$41,MATCH(G42,$A$2:$A$41,0)),"Blocked")="Blocked",LEFT(IFERROR(INDEX($M$2:$M$41,MATCH(G42,$A$2:$A$41,0)),"Invalid"),7)="Invalid")),AND(H42<>"",OR(IFERROR(INDEX($D$2:$D$41,MATCH(H42,$A$2:$A$41,0)),0)<>1,IFERROR(INDEX($M$2:$M$41,MATCH(H42,$A$2:$A$41,0)),"Blocked")="Blocked",LEFT(IFERROR(INDEX($M$2:$M$41,MATCH(H42,$A$2:$A$41,0)),"Invalid"),7)="Invalid")),AND(I42<>"",OR(IFERROR(INDEX($D$2:$D$41,MATCH(I42,$A$2:$A$41,0)),0)<>1,IFERROR(INDEX($M$2:$M$41,MATCH(I42,$A$2:$A$41,0)),"Blocked")="Blocked",LEFT(IFERROR(INDEX($M$2:$M$41,MATCH(I42,$A$2:$A$41,0)),"Invalid"),7)="Invalid")),AND(J42<>"",OR(IFERROR(INDEX($D$2:$D$41,MATCH(J42,$A$2:$A$41,0)),0)<>1,IFERROR(INDEX($M$2:$M$41,MATCH(J42,$A$2:$A$41,0)),"Blocked")="Blocked",LEFT(IFERROR(INDEX($M$2:$M$41,MATCH(J42,$A$2:$A$41,0)),"Invalid"),7)="Invalid"))),"Blocked","Planned"))))) -> Planned | N42: =IF(M42="Skipped",O41,IF(OR(M42="Planned",M42="Complete"),MAX(O41,IF(G42="",0,IFERROR(INDEX($O$2:$O$41,MATCH(G42,$A$2:$A$41,0)),0)),IF(H42="",0,IFERROR(INDEX($O$2:$O$41,MATCH(H42,$A$2:$A$41,0)),0)),IF(I42="",0,IFERROR(INDEX($O$2:$O$41,MATCH(I42,$A$2:$A$41,0)),0)),IF(J42="",0,IFERROR(INDEX($O$2:$O$41,MATCH(J42,$A$2:$A$41,0)),0))),"")) -> 500.39216 | O42: =IF(M42="Skipped",N42,IF(OR(M42="Planned",M42="Complete"),N42+IF(K42=0,0,K42/L42),"")) -> 533.33333 | P42: =IF(AND(M42="Planned",K42>0),WORKDAY.INTL(Settings!$B$2-1,INT(N42+0.000000001)+1,Settings!$B$4,Holidays!$A$2:$A$101),"") -> 46902 | Q42: =IF(AND(M42="Planned",K42>0),WORKDAY.INTL(Settings!$B$2-1,MAX(1,ROUNDUP(O42-0.000000001,0)),Settings!$B$4,Holidays!$A$2:$A$101),"") -> 46940 | R42: =IF(OR(M42="Planned",M42="Complete"),O42-N42,0) -> 32.941176 | S42: Another engineer can operate, diagnose, and recover using the runbook. | T42: https://abseil.io/resources/swe-book
A43: D10 | B43: Value report feedback and portfolio | C43: Delivery | D43: =1 -> 1 | E43: =12 -> 12 | F43: =0 -> 0 | G43: D09 | K43: =IF(D43=0,0,IF(AND(ISNUMBER(E43),E43>=0,ISNUMBER(F43),F43>=0,F43<=1),E43*(1-F43)*(1+Settings!$B$5),0)) -> 14.4 | L43: =IFERROR(INDEX(Settings!$B$10:$B$12,MATCH(C43,{"Core","Practice","Delivery"},0)),0) -> 0.51 | M43: =IF(D43=0,"Skipped",IF(Settings!$B$15<>"Ready","Invalid settings",IF(OR(D43<>1,COUNTIF($A$2:$A$49,A43)<>1,NOT(ISNUMBER(E43)),E43<0,NOT(ISNUMBER(F43)),F43<0,F43>1),"Invalid input",IF(F43=1,"Complete",IF(OR(L43<=0,COUNTIFS($C$2:C42,C43,$M$2:M42,"Blocked*")+COUNTIFS($C$2:C42,C43,$M$2:M42,"Invalid*")>0,AND(G43<>"",OR(IFERROR(INDEX($D$2:$D$42,MATCH(G43,$A$2:$A$42,0)),0)<>1,IFERROR(INDEX($M$2:$M$42,MATCH(G43,$A$2:$A$42,0)),"Blocked")="Blocked",LEFT(IFERROR(INDEX($M$2:$M$42,MATCH(G43,$A$2:$A$42,0)),"Invalid"),7)="Invalid")),AND(H43<>"",OR(IFERROR(INDEX($D$2:$D$42,MATCH(H43,$A$2:$A$42,0)),0)<>1,IFERROR(INDEX($M$2:$M$42,MATCH(H43,$A$2:$A$42,0)),"Blocked")="Blocked",LEFT(IFERROR(INDEX($M$2:$M$42,MATCH(H43,$A$2:$A$42,0)),"Invalid"),7)="Invalid")),AND(I43<>"",OR(IFERROR(INDEX($D$2:$D$42,MATCH(I43,$A$2:$A$42,0)),0)<>1,IFERROR(INDEX($M$2:$M$42,MATCH(I43,$A$2:$A$42,0)),"Blocked")="Blocked",LEFT(IFERROR(INDEX($M$2:$M$42,MATCH(I43,$A$2:$A$42,0)),"Invalid"),7)="Invalid")),AND(J43<>"",OR(IFERROR(INDEX($D$2:$D$42,MATCH(J43,$A$2:$A$42,0)),0)<>1,IFERROR(INDEX($M$2:$M$42,MATCH(J43,$A$2:$A$42,0)),"Blocked")="Blocked",LEFT(IFERROR(INDEX($M$2:$M$42,MATCH(J43,$A$2:$A$42,0)),"Invalid"),7)="Invalid"))),"Blocked","Planned"))))) -> Planned | N43: =IF(M43="Skipped",O42,IF(OR(M43="Planned",M43="Complete"),MAX(O42,IF(G43="",0,IFERROR(INDEX($O$2:$O$42,MATCH(G43,$A$2:$A$42,0)),0)),IF(H43="",0,IFERROR(INDEX($O$2:$O$42,MATCH(H43,$A$2:$A$42,0)),0)),IF(I43="",0,IFERROR(INDEX($O$2:$O$42,MATCH(I43,$A$2:$A$42,0)),0)),IF(J43="",0,IFERROR(INDEX($O$2:$O$42,MATCH(J43,$A$2:$A$42,0)),0))),"")) -> 533.33333 | O43: =IF(M43="Skipped",N43,IF(OR(M43="Planned",M43="Complete"),N43+IF(K43=0,0,K43/L43),"")) -> 561.56863 | P43: =IF(AND(M43="Planned",K43>0),WORKDAY.INTL(Settings!$B$2-1,INT(N43+0.000000001)+1,Settings!$B$4,Holidays!$A$2:$A$101),"") -> 46940 | Q43: =IF(AND(M43="Planned",K43>0),WORKDAY.INTL(Settings!$B$2-1,MAX(1,ROUNDUP(O43-0.000000001,0)),Settings!$B$4,Holidays!$A$2:$A$101),"") -> 46973 | R43: =IF(OR(M43="Planned",M43="Complete"),O43-N43,0) -> 28.235294 | S43: Present measured value, uncertainty, adoption, cost, product feedback, and next decisions. | T43: https://www.momtestbook.com/
A44: O01 | B44: Optional additional programming languages | C44: Core | D44: =0 -> 0 | E44: =24 -> 24 | F44: =0 -> 0 | G44: F03 | K44: =IF(D44=0,0,IF(AND(ISNUMBER(E44),E44>=0,ISNUMBER(F44),F44>=0,F44<=1),E44*(1-F44)*(1+Settings!$B$5),0)) -> 0 | L44: =IFERROR(INDEX(Settings!$B$10:$B$12,MATCH(C44,{"Core","Practice","Delivery"},0)),0) -> 1.53 | M44: =IF(D44=0,"Skipped",IF(Settings!$B$15<>"Ready","Invalid settings",IF(OR(D44<>1,COUNTIF($A$2:$A$49,A44)<>1,NOT(ISNUMBER(E44)),E44<0,NOT(ISNUMBER(F44)),F44<0,F44>1),"Invalid input",IF(F44=1,"Complete",IF(OR(L44<=0,COUNTIFS($C$2:C43,C44,$M$2:M43,"Blocked*")+COUNTIFS($C$2:C43,C44,$M$2:M43,"Invalid*")>0,AND(G44<>"",OR(IFERROR(INDEX($D$2:$D$43,MATCH(G44,$A$2:$A$43,0)),0)<>1,IFERROR(INDEX($M$2:$M$43,MATCH(G44,$A$2:$A$43,0)),"Blocked")="Blocked",LEFT(IFERROR(INDEX($M$2:$M$43,MATCH(G44,$A$2:$A$43,0)),"Invalid"),7)="Invalid")),AND(H44<>"",OR(IFERROR(INDEX($D$2:$D$43,MATCH(H44,$A$2:$A$43,0)),0)<>1,IFERROR(INDEX($M$2:$M$43,MATCH(H44,$A$2:$A$43,0)),"Blocked")="Blocked",LEFT(IFERROR(INDEX($M$2:$M$43,MATCH(H44,$A$2:$A$43,0)),"Invalid"),7)="Invalid")),AND(I44<>"",OR(IFERROR(INDEX($D$2:$D$43,MATCH(I44,$A$2:$A$43,0)),0)<>1,IFERROR(INDEX($M$2:$M$43,MATCH(I44,$A$2:$A$43,0)),"Blocked")="Blocked",LEFT(IFERROR(INDEX($M$2:$M$43,MATCH(I44,$A$2:$A$43,0)),"Invalid"),7)="Invalid")),AND(J44<>"",OR(IFERROR(INDEX($D$2:$D$43,MATCH(J44,$A$2:$A$43,0)),0)<>1,IFERROR(INDEX($M$2:$M$43,MATCH(J44,$A$2:$A$43,0)),"Blocked")="Blocked",LEFT(IFERROR(INDEX($M$2:$M$43,MATCH(J44,$A$2:$A$43,0)),"Invalid"),7)="Invalid"))),"Blocked","Planned"))))) -> Skipped | N44: =IF(M44="Skipped",O27,IF(OR(M44="Planned",M44="Complete"),MAX(O27,IF(G44="",0,IFERROR(INDEX($O$2:$O$43,MATCH(G44,$A$2:$A$43,0)),0)),IF(H44="",0,IFERROR(INDEX($O$2:$O$43,MATCH(H44,$A$2:$A$43,0)),0)),IF(I44="",0,IFERROR(INDEX($O$2:$O$43,MATCH(I44,$A$2:$A$43,0)),0)),IF(J44="",0,IFERROR(INDEX($O$2:$O$43,MATCH(J44,$A$2:$A$43,0)),0))),"")) -> 453.33333 | O44: =IF(M44="Skipped",N44,IF(OR(M44="Planned",M44="Complete"),N44+IF(K44=0,0,K44/L44),"")) -> 453.33333 | P44: =IF(AND(M44="Planned",K44>0),WORKDAY.INTL(Settings!$B$2-1,INT(N44+0.000000001)+1,Settings!$B$4,Holidays!$A$2:$A$101),"") | Q44: =IF(AND(M44="Planned",K44>0),WORKDAY.INTL(Settings!$B$2-1,MAX(1,ROUNDUP(O44-0.000000001,0)),Settings!$B$4,Holidays!$A$2:$A$101),"") | R44: =IF(OR(M44="Planned",M44="Complete"),O44-N44,0) -> 0 | S44: Choose only the language needed by the target role and demonstrate one integration. | T44: https://roadmap.sh/
A45: O02 | B45: Optional alternative cloud depth | C45: Core | D45: =0 -> 0 | E45: =18 -> 18 | F45: =0 -> 0 | G45: C01 | K45: =IF(D45=0,0,IF(AND(ISNUMBER(E45),E45>=0,ISNUMBER(F45),F45>=0,F45<=1),E45*(1-F45)*(1+Settings!$B$5),0)) -> 0 | L45: =IFERROR(INDEX(Settings!$B$10:$B$12,MATCH(C45,{"Core","Practice","Delivery"},0)),0) -> 1.53 | M45: =IF(D45=0,"Skipped",IF(Settings!$B$15<>"Ready","Invalid settings",IF(OR(D45<>1,COUNTIF($A$2:$A$49,A45)<>1,NOT(ISNUMBER(E45)),E45<0,NOT(ISNUMBER(F45)),F45<0,F45>1),"Invalid input",IF(F45=1,"Complete",IF(OR(L45<=0,COUNTIFS($C$2:C44,C45,$M$2:M44,"Blocked*")+COUNTIFS($C$2:C44,C45,$M$2:M44,"Invalid*")>0,AND(G45<>"",OR(IFERROR(INDEX($D$2:$D$44,MATCH(G45,$A$2:$A$44,0)),0)<>1,IFERROR(INDEX($M$2:$M$44,MATCH(G45,$A$2:$A$44,0)),"Blocked")="Blocked",LEFT(IFERROR(INDEX($M$2:$M$44,MATCH(G45,$A$2:$A$44,0)),"Invalid"),7)="Invalid")),AND(H45<>"",OR(IFERROR(INDEX($D$2:$D$44,MATCH(H45,$A$2:$A$44,0)),0)<>1,IFERROR(INDEX($M$2:$M$44,MATCH(H45,$A$2:$A$44,0)),"Blocked")="Blocked",LEFT(IFERROR(INDEX($M$2:$M$44,MATCH(H45,$A$2:$A$44,0)),"Invalid"),7)="Invalid")),AND(I45<>"",OR(IFERROR(INDEX($D$2:$D$44,MATCH(I45,$A$2:$A$44,0)),0)<>1,IFERROR(INDEX($M$2:$M$44,MATCH(I45,$A$2:$A$44,0)),"Blocked")="Blocked",LEFT(IFERROR(INDEX($M$2:$M$44,MATCH(I45,$A$2:$A$44,0)),"Invalid"),7)="Invalid")),AND(J45<>"",OR(IFERROR(INDEX($D$2:$D$44,MATCH(J45,$A$2:$A$44,0)),0)<>1,IFERROR(INDEX($M$2:$M$44,MATCH(J45,$A$2:$A$44,0)),"Blocked")="Blocked",LEFT(IFERROR(INDEX($M$2:$M$44,MATCH(J45,$A$2:$A$44,0)),"Invalid"),7)="Invalid"))),"Blocked","Planned"))))) -> Skipped | N45: =IF(M45="Skipped",O44,IF(OR(M45="Planned",M45="Complete"),MAX(O44,IF(G45="",0,IFERROR(INDEX($O$2:$O$44,MATCH(G45,$A$2:$A$44,0)),0)),IF(H45="",0,IFERROR(INDEX($O$2:$O$44,MATCH(H45,$A$2:$A$44,0)),0)),IF(I45="",0,IFERROR(INDEX($O$2:$O$44,MATCH(I45,$A$2:$A$44,0)),0)),IF(J45="",0,IFERROR(INDEX($O$2:$O$44,MATCH(J45,$A$2:$A$44,0)),0))),"")) -> 453.33333 | O45: =IF(M45="Skipped",N45,IF(OR(M45="Planned",M45="Complete"),N45+IF(K45=0,0,K45/L45),"")) -> 453.33333 | P45: =IF(AND(M45="Planned",K45>0),WORKDAY.INTL(Settings!$B$2-1,INT(N45+0.000000001)+1,Settings!$B$4,Holidays!$A$2:$A$101),"") | Q45: =IF(AND(M45="Planned",K45>0),WORKDAY.INTL(Settings!$B$2-1,MAX(1,ROUNDUP(O45-0.000000001,0)),Settings!$B$4,Holidays!$A$2:$A$101),"") | R45: =IF(OR(M45="Planned",M45="Complete"),O45-N45,0) -> 0 | S45: Choose a justified additional cloud or replace AWS in the baseline plan. | T45: https://roadmap.sh/devops
A46: O03 | B46: Optional distributed processing and orchestration | C46: Core | D46: =0 -> 0 | E46: =22 -> 22 | F46: =0 -> 0 | G46: F08 | K46: =IF(D46=0,0,IF(AND(ISNUMBER(E46),E46>=0,ISNUMBER(F46),F46>=0,F46<=1),E46*(1-F46)*(1+Settings!$B$5),0)) -> 0 | L46: =IFERROR(INDEX(Settings!$B$10:$B$12,MATCH(C46,{"Core","Practice","Delivery"},0)),0) -> 1.53 | M46: =IF(D46=0,"Skipped",IF(Settings!$B$15<>"Ready","Invalid settings",IF(OR(D46<>1,COUNTIF($A$2:$A$49,A46)<>1,NOT(ISNUMBER(E46)),E46<0,NOT(ISNUMBER(F46)),F46<0,F46>1),"Invalid input",IF(F46=1,"Complete",IF(OR(L46<=0,COUNTIFS($C$2:C45,C46,$M$2:M45,"Blocked*")+COUNTIFS($C$2:C45,C46,$M$2:M45,"Invalid*")>0,AND(G46<>"",OR(IFERROR(INDEX($D$2:$D$45,MATCH(G46,$A$2:$A$45,0)),0)<>1,IFERROR(INDEX($M$2:$M$45,MATCH(G46,$A$2:$A$45,0)),"Blocked")="Blocked",LEFT(IFERROR(INDEX($M$2:$M$45,MATCH(G46,$A$2:$A$45,0)),"Invalid"),7)="Invalid")),AND(H46<>"",OR(IFERROR(INDEX($D$2:$D$45,MATCH(H46,$A$2:$A$45,0)),0)<>1,IFERROR(INDEX($M$2:$M$45,MATCH(H46,$A$2:$A$45,0)),"Blocked")="Blocked",LEFT(IFERROR(INDEX($M$2:$M$45,MATCH(H46,$A$2:$A$45,0)),"Invalid"),7)="Invalid")),AND(I46<>"",OR(IFERROR(INDEX($D$2:$D$45,MATCH(I46,$A$2:$A$45,0)),0)<>1,IFERROR(INDEX($M$2:$M$45,MATCH(I46,$A$2:$A$45,0)),"Blocked")="Blocked",LEFT(IFERROR(INDEX($M$2:$M$45,MATCH(I46,$A$2:$A$45,0)),"Invalid"),7)="Invalid")),AND(J46<>"",OR(IFERROR(INDEX($D$2:$D$45,MATCH(J46,$A$2:$A$45,0)),0)<>1,IFERROR(INDEX($M$2:$M$45,MATCH(J46,$A$2:$A$45,0)),"Blocked")="Blocked",LEFT(IFERROR(INDEX($M$2:$M$45,MATCH(J46,$A$2:$A$45,0)),"Invalid"),7)="Invalid"))),"Blocked","Planned"))))) -> Skipped | N46: =IF(M46="Skipped",O45,IF(OR(M46="Planned",M46="Complete"),MAX(O45,IF(G46="",0,IFERROR(INDEX($O$2:$O$45,MATCH(G46,$A$2:$A$45,0)),0)),IF(H46="",0,IFERROR(INDEX($O$2:$O$45,MATCH(H46,$A$2:$A$45,0)),0)),IF(I46="",0,IFERROR(INDEX($O$2:$O$45,MATCH(I46,$A$2:$A$45,0)),0)),IF(J46="",0,IFERROR(INDEX($O$2:$O$45,MATCH(J46,$A$2:$A$45,0)),0))),"")) -> 453.33333 | O46: =IF(M46="Skipped",N46,IF(OR(M46="Planned",M46="Complete"),N46+IF(K46=0,0,K46/L46),"")) -> 453.33333 | P46: =IF(AND(M46="Planned",K46>0),WORKDAY.INTL(Settings!$B$2-1,INT(N46+0.000000001)+1,Settings!$B$4,Holidays!$A$2:$A$101),"") | Q46: =IF(AND(M46="Planned",K46>0),WORKDAY.INTL(Settings!$B$2-1,MAX(1,ROUNDUP(O46-0.000000001,0)),Settings!$B$4,Holidays!$A$2:$A$101),"") | R46: =IF(OR(M46="Planned",M46="Complete"),O46-N46,0) -> 0 | S46: Demonstrate an idempotent backfill or justified distributed job. | T46: https://roadmap.sh/data-engineer
A47: O04 | B47: Optional Kubernetes operations | C47: Core | D47: =0 -> 0 | E47: =18 -> 18 | F47: =0 -> 0 | G47: C01 | K47: =IF(D47=0,0,IF(AND(ISNUMBER(E47),E47>=0,ISNUMBER(F47),F47>=0,F47<=1),E47*(1-F47)*(1+Settings!$B$5),0)) -> 0 | L47: =IFERROR(INDEX(Settings!$B$10:$B$12,MATCH(C47,{"Core","Practice","Delivery"},0)),0) -> 1.53 | M47: =IF(D47=0,"Skipped",IF(Settings!$B$15<>"Ready","Invalid settings",IF(OR(D47<>1,COUNTIF($A$2:$A$49,A47)<>1,NOT(ISNUMBER(E47)),E47<0,NOT(ISNUMBER(F47)),F47<0,F47>1),"Invalid input",IF(F47=1,"Complete",IF(OR(L47<=0,COUNTIFS($C$2:C46,C47,$M$2:M46,"Blocked*")+COUNTIFS($C$2:C46,C47,$M$2:M46,"Invalid*")>0,AND(G47<>"",OR(IFERROR(INDEX($D$2:$D$46,MATCH(G47,$A$2:$A$46,0)),0)<>1,IFERROR(INDEX($M$2:$M$46,MATCH(G47,$A$2:$A$46,0)),"Blocked")="Blocked",LEFT(IFERROR(INDEX($M$2:$M$46,MATCH(G47,$A$2:$A$46,0)),"Invalid"),7)="Invalid")),AND(H47<>"",OR(IFERROR(INDEX($D$2:$D$46,MATCH(H47,$A$2:$A$46,0)),0)<>1,IFERROR(INDEX($M$2:$M$46,MATCH(H47,$A$2:$A$46,0)),"Blocked")="Blocked",LEFT(IFERROR(INDEX($M$2:$M$46,MATCH(H47,$A$2:$A$46,0)),"Invalid"),7)="Invalid")),AND(I47<>"",OR(IFERROR(INDEX($D$2:$D$46,MATCH(I47,$A$2:$A$46,0)),0)<>1,IFERROR(INDEX($M$2:$M$46,MATCH(I47,$A$2:$A$46,0)),"Blocked")="Blocked",LEFT(IFERROR(INDEX($M$2:$M$46,MATCH(I47,$A$2:$A$46,0)),"Invalid"),7)="Invalid")),AND(J47<>"",OR(IFERROR(INDEX($D$2:$D$46,MATCH(J47,$A$2:$A$46,0)),0)<>1,IFERROR(INDEX($M$2:$M$46,MATCH(J47,$A$2:$A$46,0)),"Blocked")="Blocked",LEFT(IFERROR(INDEX($M$2:$M$46,MATCH(J47,$A$2:$A$46,0)),"Invalid"),7)="Invalid"))),"Blocked","Planned"))))) -> Skipped | N47: =IF(M47="Skipped",O46,IF(OR(M47="Planned",M47="Complete"),MAX(O46,IF(G47="",0,IFERROR(INDEX($O$2:$O$46,MATCH(G47,$A$2:$A$46,0)),0)),IF(H47="",0,IFERROR(INDEX($O$2:$O$46,MATCH(H47,$A$2:$A$46,0)),0)),IF(I47="",0,IFERROR(INDEX($O$2:$O$46,MATCH(I47,$A$2:$A$46,0)),0)),IF(J47="",0,IFERROR(INDEX($O$2:$O$46,MATCH(J47,$A$2:$A$46,0)),0))),"")) -> 453.33333 | O47: =IF(M47="Skipped",N47,IF(OR(M47="Planned",M47="Complete"),N47+IF(K47=0,0,K47/L47),"")) -> 453.33333 | P47: =IF(AND(M47="Planned",K47>0),WORKDAY.INTL(Settings!$B$2-1,INT(N47+0.000000001)+1,Settings!$B$4,Holidays!$A$2:$A$101),"") | Q47: =IF(AND(M47="Planned",K47>0),WORKDAY.INTL(Settings!$B$2-1,MAX(1,ROUNDUP(O47-0.000000001,0)),Settings!$B$4,Holidays!$A$2:$A$101),"") | R47: =IF(OR(M47="Planned",M47="Complete"),O47-N47,0) -> 0 | S47: Diagnose a failed rollout with appropriate resource, network, and access controls. | T47: https://roadmap.sh/kubernetes
A48: O05 | B48: Optional alternative stores APIs and runtimes | C48: Core | D48: =0 -> 0 | E48: =18 -> 18 | F48: =0 -> 0 | G48: F05 | K48: =IF(D48=0,0,IF(AND(ISNUMBER(E48),E48>=0,ISNUMBER(F48),F48>=0,F48<=1),E48*(1-F48)*(1+Settings!$B$5),0)) -> 0 | L48: =IFERROR(INDEX(Settings!$B$10:$B$12,MATCH(C48,{"Core","Practice","Delivery"},0)),0) -> 1.53 | M48: =IF(D48=0,"Skipped",IF(Settings!$B$15<>"Ready","Invalid settings",IF(OR(D48<>1,COUNTIF($A$2:$A$49,A48)<>1,NOT(ISNUMBER(E48)),E48<0,NOT(ISNUMBER(F48)),F48<0,F48>1),"Invalid input",IF(F48=1,"Complete",IF(OR(L48<=0,COUNTIFS($C$2:C47,C48,$M$2:M47,"Blocked*")+COUNTIFS($C$2:C47,C48,$M$2:M47,"Invalid*")>0,AND(G48<>"",OR(IFERROR(INDEX($D$2:$D$47,MATCH(G48,$A$2:$A$47,0)),0)<>1,IFERROR(INDEX($M$2:$M$47,MATCH(G48,$A$2:$A$47,0)),"Blocked")="Blocked",LEFT(IFERROR(INDEX($M$2:$M$47,MATCH(G48,$A$2:$A$47,0)),"Invalid"),7)="Invalid")),AND(H48<>"",OR(IFERROR(INDEX($D$2:$D$47,MATCH(H48,$A$2:$A$47,0)),0)<>1,IFERROR(INDEX($M$2:$M$47,MATCH(H48,$A$2:$A$47,0)),"Blocked")="Blocked",LEFT(IFERROR(INDEX($M$2:$M$47,MATCH(H48,$A$2:$A$47,0)),"Invalid"),7)="Invalid")),AND(I48<>"",OR(IFERROR(INDEX($D$2:$D$47,MATCH(I48,$A$2:$A$47,0)),0)<>1,IFERROR(INDEX($M$2:$M$47,MATCH(I48,$A$2:$A$47,0)),"Blocked")="Blocked",LEFT(IFERROR(INDEX($M$2:$M$47,MATCH(I48,$A$2:$A$47,0)),"Invalid"),7)="Invalid")),AND(J48<>"",OR(IFERROR(INDEX($D$2:$D$47,MATCH(J48,$A$2:$A$47,0)),0)<>1,IFERROR(INDEX($M$2:$M$47,MATCH(J48,$A$2:$A$47,0)),"Blocked")="Blocked",LEFT(IFERROR(INDEX($M$2:$M$47,MATCH(J48,$A$2:$A$47,0)),"Invalid"),7)="Invalid"))),"Blocked","Planned"))))) -> Skipped | N48: =IF(M48="Skipped",O47,IF(OR(M48="Planned",M48="Complete"),MAX(O47,IF(G48="",0,IFERROR(INDEX($O$2:$O$47,MATCH(G48,$A$2:$A$47,0)),0)),IF(H48="",0,IFERROR(INDEX($O$2:$O$47,MATCH(H48,$A$2:$A$47,0)),0)),IF(I48="",0,IFERROR(INDEX($O$2:$O$47,MATCH(I48,$A$2:$A$47,0)),0)),IF(J48="",0,IFERROR(INDEX($O$2:$O$47,MATCH(J48,$A$2:$A$47,0)),0))),"")) -> 453.33333 | O48: =IF(M48="Skipped",N48,IF(OR(M48="Planned",M48="Complete"),N48+IF(K48=0,0,K48/L48),"")) -> 453.33333 | P48: =IF(AND(M48="Planned",K48>0),WORKDAY.INTL(Settings!$B$2-1,INT(N48+0.000000001)+1,Settings!$B$4,Holidays!$A$2:$A$101),"") | Q48: =IF(AND(M48="Planned",K48>0),WORKDAY.INTL(Settings!$B$2-1,MAX(1,ROUNDUP(O48-0.000000001,0)),Settings!$B$4,Holidays!$A$2:$A$101),"") | R48: =IF(OR(M48="Planned",M48="Complete"),O48-N48,0) -> 0 | S48: Choose only a needed alternative and defend its access patterns and operational tradeoffs. | T48: https://roadmap.sh/backend
A49: O06 | B49: Optional coding-agent product comparison | C49: Core | D49: =0 -> 0 | E49: =8 -> 8 | F49: =0 -> 0 | G49: A07 | K49: =IF(D49=0,0,IF(AND(ISNUMBER(E49),E49>=0,ISNUMBER(F49),F49>=0,F49<=1),E49*(1-F49)*(1+Settings!$B$5),0)) -> 0 | L49: =IFERROR(INDEX(Settings!$B$10:$B$12,MATCH(C49,{"Core","Practice","Delivery"},0)),0) -> 1.53 | M49: =IF(D49=0,"Skipped",IF(Settings!$B$15<>"Ready","Invalid settings",IF(OR(D49<>1,COUNTIF($A$2:$A$49,A49)<>1,NOT(ISNUMBER(E49)),E49<0,NOT(ISNUMBER(F49)),F49<0,F49>1),"Invalid input",IF(F49=1,"Complete",IF(OR(L49<=0,COUNTIFS($C$2:C48,C49,$M$2:M48,"Blocked*")+COUNTIFS($C$2:C48,C49,$M$2:M48,"Invalid*")>0,AND(G49<>"",OR(IFERROR(INDEX($D$2:$D$48,MATCH(G49,$A$2:$A$48,0)),0)<>1,IFERROR(INDEX($M$2:$M$48,MATCH(G49,$A$2:$A$48,0)),"Blocked")="Blocked",LEFT(IFERROR(INDEX($M$2:$M$48,MATCH(G49,$A$2:$A$48,0)),"Invalid"),7)="Invalid")),AND(H49<>"",OR(IFERROR(INDEX($D$2:$D$48,MATCH(H49,$A$2:$A$48,0)),0)<>1,IFERROR(INDEX($M$2:$M$48,MATCH(H49,$A$2:$A$48,0)),"Blocked")="Blocked",LEFT(IFERROR(INDEX($M$2:$M$48,MATCH(H49,$A$2:$A$48,0)),"Invalid"),7)="Invalid")),AND(I49<>"",OR(IFERROR(INDEX($D$2:$D$48,MATCH(I49,$A$2:$A$48,0)),0)<>1,IFERROR(INDEX($M$2:$M$48,MATCH(I49,$A$2:$A$48,0)),"Blocked")="Blocked",LEFT(IFERROR(INDEX($M$2:$M$48,MATCH(I49,$A$2:$A$48,0)),"Invalid"),7)="Invalid")),AND(J49<>"",OR(IFERROR(INDEX($D$2:$D$48,MATCH(J49,$A$2:$A$48,0)),0)<>1,IFERROR(INDEX($M$2:$M$48,MATCH(J49,$A$2:$A$48,0)),"Blocked")="Blocked",LEFT(IFERROR(INDEX($M$2:$M$48,MATCH(J49,$A$2:$A$48,0)),"Invalid"),7)="Invalid"))),"Blocked","Planned"))))) -> Skipped | N49: =IF(M49="Skipped",O48,IF(OR(M49="Planned",M49="Complete"),MAX(O48,IF(G49="",0,IFERROR(INDEX($O$2:$O$48,MATCH(G49,$A$2:$A$48,0)),0)),IF(H49="",0,IFERROR(INDEX($O$2:$O$48,MATCH(H49,$A$2:$A$48,0)),0)),IF(I49="",0,IFERROR(INDEX($O$2:$O$48,MATCH(I49,$A$2:$A$48,0)),0)),IF(J49="",0,IFERROR(INDEX($O$2:$O$48,MATCH(J49,$A$2:$A$48,0)),0))),"")) -> 453.33333 | O49: =IF(M49="Skipped",N49,IF(OR(M49="Planned",M49="Complete"),N49+IF(K49=0,0,K49/L49),"")) -> 453.33333 | P49: =IF(AND(M49="Planned",K49>0),WORKDAY.INTL(Settings!$B$2-1,INT(N49+0.000000001)+1,Settings!$B$4,Holidays!$A$2:$A$101),"") | Q49: =IF(AND(M49="Planned",K49>0),WORKDAY.INTL(Settings!$B$2-1,MAX(1,ROUNDUP(O49-0.000000001,0)),Settings!$B$4,Holidays!$A$2:$A$101),"") | R49: =IF(OR(M49="Planned",M49="Complete"),O49-N49,0) -> 0 | S49: Pilot one or two tools in a sandbox with explicit permission and privacy checks. | T49: https://roadmap.sh/vibe-coding

Sheet Weekly Timeline
A1: Module | B1: Lane | C1: Start | D1: Finish | E1: =Settings!$B$2+0 -> 46318 | F1: =Settings!$B$2+7 -> 46325 | G1: =Settings!$B$2+14 -> 46332 | H1: =Settings!$B$2+21 -> 46339 | I1: =Settings!$B$2+28 -> 46346 | J1: =Settings!$B$2+35 -> 46353 | K1: =Settings!$B$2+42 -> 46360 | L1: =Settings!$B$2+49 -> 46367 | M1: =Settings!$B$2+56 -> 46374 | N1: =Settings!$B$2+63 -> 46381 | O1: =Settings!$B$2+70 -> 46388 | P1: =Settings!$B$2+77 -> 46395 | Q1: =Settings!$B$2+84 -> 46402 | R1: =Settings!$B$2+91 -> 46409 | S1: =Settings!$B$2+98 -> 46416 | T1: =Settings!$B$2+105 -> 46423 | U1: =Settings!$B$2+112 -> 46430 | V1: =Settings!$B$2+119 -> 46437 | W1: =Settings!$B$2+126 -> 46444 | X1: =Settings!$B$2+133 -> 46451 | Y1: =Settings!$B$2+140 -> 46458 | Z1: =Settings!$B$2+147 -> 46465 | AA1: =Settings!$B$2+154 -> 46472 | AB1: =Settings!$B$2+161 -> 46479 | AC1: =Settings!$B$2+168 -> 46486 | AD1: =Settings!$B$2+175 -> 46493 | AE1: =Settings!$B$2+182 -> 46500 | AF1: =Settings!$B$2+189 -> 46507 | AG1: =Settings!$B$2+196 -> 46514 | AH1: =Settings!$B$2+203 -> 46521 | AI1: =Settings!$B$2+210 -> 46528 | AJ1: =Settings!$B$2+217 -> 46535 | AK1: =Settings!$B$2+224 -> 46542 | AL1: =Settings!$B$2+231 -> 46549 | AM1: =Settings!$B$2+238 -> 46556 | AN1: =Settings!$B$2+245 -> 46563 | AO1: =Settings!$B$2+252 -> 46570 | AP1: =Settings!$B$2+259 -> 46577 | AQ1: =Settings!$B$2+266 -> 46584 | AR1: =Settings!$B$2+273 -> 46591 | AS1: =Settings!$B$2+280 -> 46598 | AT1: =Settings!$B$2+287 -> 46605 | AU1: =Settings!$B$2+294 -> 46612 | AV1: =Settings!$B$2+301 -> 46619 | AW1: =Settings!$B$2+308 -> 46626 | AX1: =Settings!$B$2+315 -> 46633 | AY1: =Settings!$B$2+322 -> 46640 | AZ1: =Settings!$B$2+329 -> 46647 | BA1: =Settings!$B$2+336 -> 46654 | BB1: =Settings!$B$2+343 -> 46661 | BC1: =Settings!$B$2+350 -> 46668 | BD1: =Settings!$B$2+357 -> 46675 | BE1: =Settings!$B$2+364 -> 46682 | BF1: =Settings!$B$2+371 -> 46689 | BG1: =Settings!$B$2+378 -> 46696 | BH1: =Settings!$B$2+385 -> 46703 | BI1: =Settings!$B$2+392 -> 46710 | BJ1: =Settings!$B$2+399 -> 46717 | BK1: =Settings!$B$2+406 -> 46724 | BL1: =Settings!$B$2+413 -> 46731 | BM1: =Settings!$B$2+420 -> 46738 | BN1: =Settings!$B$2+427 -> 46745 | BO1: =Settings!$B$2+434 -> 46752 | BP1: =Settings!$B$2+441 -> 46759 | BQ1: =Settings!$B$2+448 -> 46766 | BR1: =Settings!$B$2+455 -> 46773 | BS1: =Settings!$B$2+462 -> 46780 | BT1: =Settings!$B$2+469 -> 46787 | BU1: =Settings!$B$2+476 -> 46794 | BV1: =Settings!$B$2+483 -> 46801 | BW1: =Settings!$B$2+490 -> 46808 | BX1: =Settings!$B$2+497 -> 46815 | BY1: =Settings!$B$2+504 -> 46822 | BZ1: =Settings!$B$2+511 -> 46829 | CA1: =Settings!$B$2+518 -> 46836 | CB1: =Settings!$B$2+525 -> 46843 | CC1: =Settings!$B$2+532 -> 46850 | CD1: =Settings!$B$2+539 -> 46857 | CE1: =Settings!$B$2+546 -> 46864 | CF1: =Settings!$B$2+553 -> 46871 | CG1: =Settings!$B$2+560 -> 46878 | CH1: =Settings!$B$2+567 -> 46885 | CI1: =Settings!$B$2+574 -> 46892 | CJ1: =Settings!$B$2+581 -> 46899 | CK1: =Settings!$B$2+588 -> 46906 | CL1: =Settings!$B$2+595 -> 46913 | CM1: =Settings!$B$2+602 -> 46920 | CN1: =Settings!$B$2+609 -> 46927 | CO1: =Settings!$B$2+616 -> 46934 | CP1: =Settings!$B$2+623 -> 46941 | CQ1: =Settings!$B$2+630 -> 46948 | CR1: =Settings!$B$2+637 -> 46955 | CS1: =Settings!$B$2+644 -> 46962 | CT1: =Settings!$B$2+651 -> 46969 | CU1: =Settings!$B$2+658 -> 46976 | CV1: =Settings!$B$2+665 -> 46983 | CW1: =Settings!$B$2+672 -> 46990 | CX1: =Settings!$B$2+679 -> 46997 | CY1: =Settings!$B$2+686 -> 47004 | CZ1: =Settings!$B$2+693 -> 47011 | DA1: =Settings!$B$2+700 -> 47018 | DB1: =Settings!$B$2+707 -> 47025 | DC1: =Settings!$B$2+714 -> 47032 | DD1: =Settings!$B$2+721 -> 47039
A2: =Schedule!B2 -> FDE role and delivery orientation | B2: =Schedule!C2 -> Core | C2: =IF(Schedule!P2="","",Schedule!P2) -> 46318 | D2: =IF(Schedule!Q2="","",Schedule!Q2) -> 46322 | E2: =IF(AND(ISNUMBER($C2),ISNUMBER($D2),E$1<=$D2,E$1+6>=$C2),1,"") -> 1 | F2: =IF(AND(ISNUMBER($C2),ISNUMBER($D2),F$1<=$D2,F$1+6>=$C2),1,"") | G2: =IF(AND(ISNUMBER($C2),ISNUMBER($D2),G$1<=$D2,G$1+6>=$C2),1,"") | H2: =IF(AND(ISNUMBER($C2),ISNUMBER($D2),H$1<=$D2,H$1+6>=$C2),1,"") | I2: =IF(AND(ISNUMBER($C2),ISNUMBER($D2),I$1<=$D2,I$1+6>=$C2),1,"") | J2: =IF(AND(ISNUMBER($C2),ISNUMBER($D2),J$1<=$D2,J$1+6>=$C2),1,"") | K2: =IF(AND(ISNUMBER($C2),ISNUMBER($D2),K$1<=$D2,K$1+6>=$C2),1,"") | L2: =IF(AND(ISNUMBER($C2),ISNUMBER($D2),L$1<=$D2,L$1+6>=$C2),1,"") | ... DD2: =IF(AND(ISNUMBER($C2),ISNUMBER($D2),DD$1<=$D2,DD$1+6>=$C2),1,"")
A3: =Schedule!B3 -> Primary language: Python | B3: =Schedule!C3 -> Core | C3: =IF(Schedule!P3="","",Schedule!P3) -> 46322 | D3: =IF(Schedule!Q3="","",Schedule!Q3) -> 46351 | E3: =IF(AND(ISNUMBER($C3),ISNUMBER($D3),E$1<=$D3,E$1+6>=$C3),1,"") -> 1 | F3: =IF(AND(ISNUMBER($C3),ISNUMBER($D3),F$1<=$D3,F$1+6>=$C3),1,"") -> 1 | G3: =IF(AND(ISNUMBER($C3),ISNUMBER($D3),G$1<=$D3,G$1+6>=$C3),1,"") -> 1 | H3: =IF(AND(ISNUMBER($C3),ISNUMBER($D3),H$1<=$D3,H$1+6>=$C3),1,"") -> 1 | I3: =IF(AND(ISNUMBER($C3),ISNUMBER($D3),I$1<=$D3,I$1+6>=$C3),1,"") -> 1 | J3: =IF(AND(ISNUMBER($C3),ISNUMBER($D3),J$1<=$D3,J$1+6>=$C3),1,"") | K3: =IF(AND(ISNUMBER($C3),ISNUMBER($D3),K$1<=$D3,K$1+6>=$C3),1,"") | L3: =IF(AND(ISNUMBER($C3),ISNUMBER($D3),L$1<=$D3,L$1+6>=$C3),1,"") | ... DD3: =IF(AND(ISNUMBER($C3),ISNUMBER($D3),DD$1<=$D3,DD$1+6>=$C3),1,"")
A4: =Schedule!B4 -> Git Linux and debugging foundations | B4: =Schedule!C4 -> Core | C4: =IF(Schedule!P4="","",Schedule!P4) -> 46351 | D4: =IF(Schedule!Q4="","",Schedule!Q4) -> 46367 | E4: =IF(AND(ISNUMBER($C4),ISNUMBER($D4),E$1<=$D4,E$1+6>=$C4),1,"") | F4: =IF(AND(ISNUMBER($C4),ISNUMBER($D4),F$1<=$D4,F$1+6>=$C4),1,"") | G4: =IF(AND(ISNUMBER($C4),ISNUMBER($D4),G$1<=$D4,G$1+6>=$C4),1,"") | H4: =IF(AND(ISNUMBER($C4),ISNUMBER($D4),H$1<=$D4,H$1+6>=$C4),1,"") | I4: =IF(AND(ISNUMBER($C4),ISNUMBER($D4),I$1<=$D4,I$1+6>=$C4),1,"") -> 1 | J4: =IF(AND(ISNUMBER($C4),ISNUMBER($D4),J$1<=$D4,J$1+6>=$C4),1,"") -> 1 | K4: =IF(AND(ISNUMBER($C4),ISNUMBER($D4),K$1<=$D4,K$1+6>=$C4),1,"") -> 1 | L4: =IF(AND(ISNUMBER($C4),ISNUMBER($D4),L$1<=$D4,L$1+6>=$C4),1,"") -> 1 | ... DD4: =IF(AND(ISNUMBER($C4),ISNUMBER($D4),DD$1<=$D4,DD$1+6>=$C4),1,"")
A5: =Schedule!B5 -> Testing and reproducible project bridge | B5: =Schedule!C5 -> Core | C5: =IF(Schedule!P5="","",Schedule!P5) -> 46367 | D5: =IF(Schedule!Q5="","",Schedule!Q5) -> 46386 | E5: =IF(AND(ISNUMBER($C5),ISNUMBER($D5),E$1<=$D5,E$1+6>=$C5),1,"") | F5: =IF(AND(ISNUMBER($C5),ISNUMBER($D5),F$1<=$D5,F$1+6>=$C5),1,"") | G5: =IF(AND(ISNUMBER($C5),ISNUMBER($D5),G$1<=$D5,G$1+6>=$C5),1,"") | H5: =IF(AND(ISNUMBER($C5),ISNUMBER($D5),H$1<=$D5,H$1+6>=$C5),1,"") | I5: =IF(AND(ISNUMBER($C5),ISNUMBER($D5),I$1<=$D5,I$1+6>=$C5),1,"") | J5: =IF(AND(ISNUMBER($C5),ISNUMBER($D5),J$1<=$D5,J$1+6>=$C5),1,"") | K5: =IF(AND(ISNUMBER($C5),ISNUMBER($D5),K$1<=$D5,K$1+6>=$C5),1,"") | L5: =IF(AND(ISNUMBER($C5),ISNUMBER($D5),L$1<=$D5,L$1+6>=$C5),1,"") -> 1 | ... DD5: =IF(AND(ISNUMBER($C5),ISNUMBER($D5),DD$1<=$D5,DD$1+6>=$C5),1,"")
A6: =Schedule!B6 -> HTTP backend and API contracts | B6: =Schedule!C6 -> Core | C6: =IF(Schedule!P6="","",Schedule!P6) -> 46386 | D6: =IF(Schedule!Q6="","",Schedule!Q6) -> 46413 | E6: =IF(AND(ISNUMBER($C6),ISNUMBER($D6),E$1<=$D6,E$1+6>=$C6),1,"") | F6: =IF(AND(ISNUMBER($C6),ISNUMBER($D6),F$1<=$D6,F$1+6>=$C6),1,"") | G6: =IF(AND(ISNUMBER($C6),ISNUMBER($D6),G$1<=$D6,G$1+6>=$C6),1,"") | H6: =IF(AND(ISNUMBER($C6),ISNUMBER($D6),H$1<=$D6,H$1+6>=$C6),1,"") | I6: =IF(AND(ISNUMBER($C6),ISNUMBER($D6),I$1<=$D6,I$1+6>=$C6),1,"") | J6: =IF(AND(ISNUMBER($C6),ISNUMBER($D6),J$1<=$D6,J$1+6>=$C6),1,"") | K6: =IF(AND(ISNUMBER($C6),ISNUMBER($D6),K$1<=$D6,K$1+6>=$C6),1,"") | L6: =IF(AND(ISNUMBER($C6),ISNUMBER($D6),L$1<=$D6,L$1+6>=$C6),1,"") | ... DD6: =IF(AND(ISNUMBER($C6),ISNUMBER($D6),DD$1<=$D6,DD$1+6>=$C6),1,"")
A7: =Schedule!B7 -> SQL relational modeling and PostgreSQL | B7: =Schedule!C7 -> Core | C7: =IF(Schedule!P7="","",Schedule!P7) -> 46413 | D7: =IF(Schedule!Q7="","",Schedule!Q7) -> 46442 | E7: =IF(AND(ISNUMBER($C7),ISNUMBER($D7),E$1<=$D7,E$1+6>=$C7),1,"") | F7: =IF(AND(ISNUMBER($C7),ISNUMBER($D7),F$1<=$D7,F$1+6>=$C7),1,"") | G7: =IF(AND(ISNUMBER($C7),ISNUMBER($D7),G$1<=$D7,G$1+6>=$C7),1,"") | H7: =IF(AND(ISNUMBER($C7),ISNUMBER($D7),H$1<=$D7,H$1+6>=$C7),1,"") | I7: =IF(AND(ISNUMBER($C7),ISNUMBER($D7),I$1<=$D7,I$1+6>=$C7),1,"") | J7: =IF(AND(ISNUMBER($C7),ISNUMBER($D7),J$1<=$D7,J$1+6>=$C7),1,"") | K7: =IF(AND(ISNUMBER($C7),ISNUMBER($D7),K$1<=$D7,K$1+6>=$C7),1,"") | L7: =IF(AND(ISNUMBER($C7),ISNUMBER($D7),L$1<=$D7,L$1+6>=$C7),1,"") | ... DD7: =IF(AND(ISNUMBER($C7),ISNUMBER($D7),DD$1<=$D7,DD$1+6>=$C7),1,"")
A8: =Schedule!B8 -> One usable frontend stack | B8: =Schedule!C8 -> Core | C8: =IF(Schedule!P8="","",Schedule!P8) -> 46442 | D8: =IF(Schedule!Q8="","",Schedule!Q8) -> 46471 | E8: =IF(AND(ISNUMBER($C8),ISNUMBER($D8),E$1<=$D8,E$1+6>=$C8),1,"") | F8: =IF(AND(ISNUMBER($C8),ISNUMBER($D8),F$1<=$D8,F$1+6>=$C8),1,"") | G8: =IF(AND(ISNUMBER($C8),ISNUMBER($D8),G$1<=$D8,G$1+6>=$C8),1,"") | H8: =IF(AND(ISNUMBER($C8),ISNUMBER($D8),H$1<=$D8,H$1+6>=$C8),1,"") | I8: =IF(AND(ISNUMBER($C8),ISNUMBER($D8),I$1<=$D8,I$1+6>=$C8),1,"") | J8: =IF(AND(ISNUMBER($C8),ISNUMBER($D8),J$1<=$D8,J$1+6>=$C8),1,"") | K8: =IF(AND(ISNUMBER($C8),ISNUMBER($D8),K$1<=$D8,K$1+6>=$C8),1,"") | L8: =IF(AND(ISNUMBER($C8),ISNUMBER($D8),L$1<=$D8,L$1+6>=$C8),1,"") | ... DD8: =IF(AND(ISNUMBER($C8),ISNUMBER($D8),DD$1<=$D8,DD$1+6>=$C8),1,"")
A9: =Schedule!B9 -> Data lifecycle pipelines and quality | B9: =Schedule!C9 -> Core | C9: =IF(Schedule!P9="","",Schedule!P9) -> 46471 | D9: =IF(Schedule!Q9="","",Schedule!Q9) -> 46497 | E9: =IF(AND(ISNUMBER($C9),ISNUMBER($D9),E$1<=$D9,E$1+6>=$C9),1,"") | F9: =IF(AND(ISNUMBER($C9),ISNUMBER($D9),F$1<=$D9,F$1+6>=$C9),1,"") | G9: =IF(AND(ISNUMBER($C9),ISNUMBER($D9),G$1<=$D9,G$1+6>=$C9),1,"") | H9: =IF(AND(ISNUMBER($C9),ISNUMBER($D9),H$1<=$D9,H$1+6>=$C9),1,"") | I9: =IF(AND(ISNUMBER($C9),ISNUMBER($D9),I$1<=$D9,I$1+6>=$C9),1,"") | J9: =IF(AND(ISNUMBER($C9),ISNUMBER($D9),J$1<=$D9,J$1+6>=$C9),1,"") | K9: =IF(AND(ISNUMBER($C9),ISNUMBER($D9),K$1<=$D9,K$1+6>=$C9),1,"") | L9: =IF(AND(ISNUMBER($C9),ISNUMBER($D9),L$1<=$D9,L$1+6>=$C9),1,"") | ... DD9: =IF(AND(ISNUMBER($C9),ISNUMBER($D9),DD$1<=$D9,DD$1+6>=$C9),1,"")
A10: =Schedule!B10 -> Linear algebra and numerical reasoning bridge | B10: =Schedule!C10 -> Core | C10: =IF(Schedule!P10="","",Schedule!P10) -> 46497 | D10: =IF(Schedule!Q10="","",Schedule!Q10) -> 46513 | E10: =IF(AND(ISNUMBER($C10),ISNUMBER($D10),E$1<=$D10,E$1+6>=$C10),1,"") | F10: =IF(AND(ISNUMBER($C10),ISNUMBER($D10),F$1<=$D10,F$1+6>=$C10),1,"") | G10: =IF(AND(ISNUMBER($C10),ISNUMBER($D10),G$1<=$D10,G$1+6>=$C10),1,"") | H10: =IF(AND(ISNUMBER($C10),ISNUMBER($D10),H$1<=$D10,H$1+6>=$C10),1,"") | I10: =IF(AND(ISNUMBER($C10),ISNUMBER($D10),I$1<=$D10,I$1+6>=$C10),1,"") | J10: =IF(AND(ISNUMBER($C10),ISNUMBER($D10),J$1<=$D10,J$1+6>=$C10),1,"") | K10: =IF(AND(ISNUMBER($C10),ISNUMBER($D10),K$1<=$D10,K$1+6>=$C10),1,"") | L10: =IF(AND(ISNUMBER($C10),ISNUMBER($D10),L$1<=$D10,L$1+6>=$C10),1,"") | ... DD10: =IF(AND(ISNUMBER($C10),ISNUMBER($D10),DD$1<=$D10,DD$1+6>=$C10),1,"")
A11: =Schedule!B11 -> Probability statistics and uncertainty bridge | B11: =Schedule!C11 -> Core | C11: =IF(Schedule!P11="","",Schedule!P11) -> 46513 | D11: =IF(Schedule!Q11="","",Schedule!Q11) -> 46532 | E11: =IF(AND(ISNUMBER($C11),ISNUMBER($D11),E$1<=$D11,E$1+6>=$C11),1,"") | F11: =IF(AND(ISNUMBER($C11),ISNUMBER($D11),F$1<=$D11,F$1+6>=$C11),1,"") | G11: =IF(AND(ISNUMBER($C11),ISNUMBER($D11),G$1<=$D11,G$1+6>=$C11),1,"") | H11: =IF(AND(ISNUMBER($C11),ISNUMBER($D11),H$1<=$D11,H$1+6>=$C11),1,"") | I11: =IF(AND(ISNUMBER($C11),ISNUMBER($D11),I$1<=$D11,I$1+6>=$C11),1,"") | J11: =IF(AND(ISNUMBER($C11),ISNUMBER($D11),J$1<=$D11,J$1+6>=$C11),1,"") | K11: =IF(AND(ISNUMBER($C11),ISNUMBER($D11),K$1<=$D11,K$1+6>=$C11),1,"") | L11: =IF(AND(ISNUMBER($C11),ISNUMBER($D11),L$1<=$D11,L$1+6>=$C11),1,"") | ... DD11: =IF(AND(ISNUMBER($C11),ISNUMBER($D11),DD$1<=$D11,DD$1+6>=$C11),1,"")
A12: =Schedule!B12 -> NumPy pandas and data manipulation bridge | B12: =Schedule!C12 -> Core | C12: =IF(Schedule!P12="","",Schedule!P12) -> 46532 | D12: =IF(Schedule!Q12="","",Schedule!Q12) -> 46548 | E12: =IF(AND(ISNUMBER($C12),ISNUMBER($D12),E$1<=$D12,E$1+6>=$C12),1,"") | F12: =IF(AND(ISNUMBER($C12),ISNUMBER($D12),F$1<=$D12,F$1+6>=$C12),1,"") | G12: =IF(AND(ISNUMBER($C12),ISNUMBER($D12),G$1<=$D12,G$1+6>=$C12),1,"") | H12: =IF(AND(ISNUMBER($C12),ISNUMBER($D12),H$1<=$D12,H$1+6>=$C12),1,"") | I12: =IF(AND(ISNUMBER($C12),ISNUMBER($D12),I$1<=$D12,I$1+6>=$C12),1,"") | J12: =IF(AND(ISNUMBER($C12),ISNUMBER($D12),J$1<=$D12,J$1+6>=$C12),1,"") | K12: =IF(AND(ISNUMBER($C12),ISNUMBER($D12),K$1<=$D12,K$1+6>=$C12),1,"") | L12: =IF(AND(ISNUMBER($C12),ISNUMBER($D12),L$1<=$D12,L$1+6>=$C12),1,"") | ... DD12: =IF(AND(ISNUMBER($C12),ISNUMBER($D12),DD$1<=$D12,DD$1+6>=$C12),1,"")
A13: =Schedule!B13 -> Calculus gradients and optimization bridge | B13: =Schedule!C13 -> Core | C13: =IF(Schedule!P13="","",Schedule!P13) -> 46548 | D13: =IF(Schedule!Q13="","",Schedule!Q13) -> 46560 | E13: =IF(AND(ISNUMBER($C13),ISNUMBER($D13),E$1<=$D13,E$1+6>=$C13),1,"") | F13: =IF(AND(ISNUMBER($C13),ISNUMBER($D13),F$1<=$D13,F$1+6>=$C13),1,"") | G13: =IF(AND(ISNUMBER($C13),ISNUMBER($D13),G$1<=$D13,G$1+6>=$C13),1,"") | H13: =IF(AND(ISNUMBER($C13),ISNUMBER($D13),H$1<=$D13,H$1+6>=$C13),1,"") | I13: =IF(AND(ISNUMBER($C13),ISNUMBER($D13),I$1<=$D13,I$1+6>=$C13),1,"") | J13: =IF(AND(ISNUMBER($C13),ISNUMBER($D13),J$1<=$D13,J$1+6>=$C13),1,"") | K13: =IF(AND(ISNUMBER($C13),ISNUMBER($D13),K$1<=$D13,K$1+6>=$C13),1,"") | L13: =IF(AND(ISNUMBER($C13),ISNUMBER($D13),L$1<=$D13,L$1+6>=$C13),1,"") | ... DD13: =IF(AND(ISNUMBER($C13),ISNUMBER($D13),DD$1<=$D13,DD$1+6>=$C13),1,"")
... A49: =Schedule!B49 -> Optional coding-agent product comparison | B49: =Schedule!C49 -> Core | C49: =IF(Schedule!P49="","",Schedule!P49) | D49: =IF(Schedule!Q49="","",Schedule!Q49) | E49: =IF(AND(ISNUMBER($C49),ISNUMBER($D49),E$1<=$D49,E$1+6>=$C49),1,"") | F49: =IF(AND(ISNUMBER($C49),ISNUMBER($D49),F$1<=$D49,F$1+6>=$C49),1,"") | G49: =IF(AND(ISNUMBER($C49),ISNUMBER($D49),G$1<=$D49,G$1+6>=$C49),1,"") | H49: =IF(AND(ISNUMBER($C49),ISNUMBER($D49),H$1<=$D49,H$1+6>=$C49),1,"") | I49: =IF(AND(ISNUMBER($C49),ISNUMBER($D49),I$1<=$D49,I$1+6>=$C49),1,"") | J49: =IF(AND(ISNUMBER($C49),ISNUMBER($D49),J$1<=$D49,J$1+6>=$C49),1,"") | K49: =IF(AND(ISNUMBER($C49),ISNUMBER($D49),K$1<=$D49,K$1+6>=$C49),1,"") | L49: =IF(AND(ISNUMBER($C49),ISNUMBER($D49),L$1<=$D49,L$1+6>=$C49),1,"") | ... DD49: =IF(AND(ISNUMBER($C49),ISNUMBER($D49),DD$1<=$D49,DD$1+6>=$C49),1,"")

Sheet Topic Map
A1: Original Topic | B1: Track | C1: Scheduled Module | D1: Module Name | E1: Include 1/0 | F1: Status | G1: Concept-to-practice evidence
A2: Introduction | B2: 01 Role and Glossary | C2: F01 | D2: FDE role and delivery orientation | E2: =Schedule!D2 -> 1 | F2: =Schedule!M2 -> Planned | G2: Explain the engagement from business pain to operating ownership, including a reason to stop the project.
A3: Roles & Responsabilities | B3: 01 Role and Glossary | C3: F01 | D3: FDE role and delivery orientation | E3: =Schedule!D2 -> 1 | F3: =Schedule!M2 -> Planned | G3: Every delivery activity has an accountable owner and an explicit handoff condition.
A4: From X to FDE | B4: 01 Role and Glossary | C4: F01 | D4: FDE role and delivery orientation | E4: =Schedule!D2 -> 1 | F4: =Schedule!M2 -> Planned | G4: A portfolio includes a working system, decision log, measured result, and honest failure analysis.
A5: FDE Tiers | B5: 01 Role and Glossary | C5: F01 | D5: FDE role and delivery orientation | E5: =Schedule!D2 -> 1 | F5: =Schedule!M2 -> Planned | G5: Explain which roles fit your evidence today and the concrete gaps for the next scope of ownership.
A6: Delta | B6: 01 Role and Glossary | C6: F01 | D6: FDE role and delivery orientation | E6: =Schedule!D2 -> 1 | F6: =Schedule!M2 -> Planned | G6: Resolve the meaning from context and avoid treating one company's terminology as an industry standard.
A7: Last-Mile Integration | B7: 01 Role and Glossary | C7: A05 | D7: Trusted tools state and integration | E7: =Schedule!D21 -> 1 | F7: =Schedule!M21 -> Planned | G7: A user completes the real task in the target workflow, including error and fallback paths.
A8: Day 2 Operations | B8: 01 Role and Glossary | C8: D09 | D8: Operational handover and technical writing | E8: =Schedule!D42 -> 1 | F8: =Schedule!M42 -> Planned | G8: Another engineer can detect, diagnose, recover, and communicate an incident using the runbook.
A9: UAT | B9: 01 Role and Glossary | C9: D08 | D9: Deployment user acceptance and recovery | E9: =Schedule!D41 -> 1 | F9: =Schedule!M41 -> Planned | G9: Business owners sign off on documented workflows, limitations, unresolved defects, and release conditions.
A10: Productized Consulting | B10: 01 Role and Glossary | C10: F01 | D10: FDE role and delivery orientation | E10: =Schedule!D2 -> 1 | F10: =Schedule!M2 -> Planned | G10: An engagement can be repeated with consistent artifacts while exceptions remain explicit.
A11: Embedded Engineering | B11: 01 Role and Glossary | C11: F01 | D11: FDE role and delivery orientation | E11: =Schedule!D2 -> 1 | F11: =Schedule!M2 -> Planned | G11: The customer can operate the delivered workflow and the product team receives reusable requirements.
A12: Learn a Language | B12: 02 Programming and Systems | C12: F02 | D12: Primary language: Python | E12: =Schedule!D3 -> 1 | F12: =Schedule!M3 -> Planned | G12: Implement and troubleshoot an end-to-end feature without relying on generated code you cannot explain.
A13: Python | B13: 02 Programming and Systems | C13: F02 | D13: Primary language: Python | E13: =Schedule!D3 -> 1 | F13: =Schedule!M3 -> Planned | G13: A fresh environment can run documented commands, tests, and a sample job with deterministic fixture inputs.
A14: JavaScript / TypeScript | B14: 02 Programming and Systems | C14: F07 | D14: One usable frontend stack | E14: =Schedule!D8 -> 1 | F14: =Schedule!M8 -> Planned | G14: Malformed responses fail visibly and safely while valid responses retain useful inferred types.
A15: Java / Scala | B15: 02 Programming and Systems | C15: O01 | D15: Optional additional programming languages | E15: =Schedule!D44 -> 0 | F15: =Schedule!M44 -> Skipped | G15: Explain the build, runtime configuration, failure handling, and integration contract of the changed component.
A16: Go | B16: 02 Programming and Systems | C16: O01 | D16: Optional additional programming languages | E16: =Schedule!D44 -> 0 | F16: =Schedule!M44 -> Skipped | G16: The tool stays within its concurrency budget and terminates predictably under timeouts.
A17: Rust | B17: 02 Programming and Systems | C17: O01 | D17: Optional additional programming languages | E17: =Schedule!D44 -> 0 | F17: =Schedule!M44 -> Skipped | G17: Justify the language choice and show correct error handling without unexplained unsafe operations.
A18: C++ | B18: 02 Programming and Systems | C18: O01 | D18: Optional additional programming languages | E18: =Schedule!D44 -> 0 | F18: =Schedule!M44 -> Skipped | G18: Explain the ownership model and validate the relevant boundary with a focused test or sanitizer run.
A19: DSA & System Design | B19: 02 Programming and Systems | C19: P01 | D19: DSA fundamentals and first pattern exercises | E19: =Schedule!D28 -> 1 | F19: =Schedule!M28 -> Planned | G19: Defend a simple design numerically and identify the first bottleneck and recovery path.
A20: Git & GitHub | B20: 02 Programming and Systems | C20: F03 | D20: Git Linux and debugging foundations | E20: =Schedule!D4 -> 1 | F20: =Schedule!M4 -> Planned | G20: Another engineer can review, reproduce, and safely revert the feature.
A21: Linux Skills | B21: 02 Programming and Systems | C21: F03 | D21: Git Linux and debugging foundations | E21: =Schedule!D4 -> 1 | F21: =Schedule!M4 -> Planned | G21: Produce a minimal diagnosis with evidence and recover without weakening access controls.
A22: Frontend Skills | B22: 03 Full Stack and Data | C22: F07 | D22: One usable frontend stack | E22: =Schedule!D8 -> 1 | F22: =Schedule!M8 -> Planned | G22: Users can complete the task with keyboard navigation and clear feedback on network or permission failures.
A23: HTML | B23: 03 Full Stack and Data | C23: F07 | D23: One usable frontend stack | E23: =Schedule!D8 -> 1 | F23: =Schedule!M8 -> Planned | G23: The interface remains understandable without styling and usable with keyboard-only navigation.
A24: CSS | B24: 03 Full Stack and Data | C24: F07 | D24: One usable frontend stack | E24: =Schedule!D8 -> 1 | F24: =Schedule!M8 -> Planned | G24: No important content overlaps or becomes inaccessible at supported viewport sizes and zoom levels.
A25: JavaScript | B25: 03 Full Stack and Data | C25: F07 | D25: One usable frontend stack | E25: =Schedule!D8 -> 1 | F25: =Schedule!M8 -> Planned | G25: Out-of-order responses, retries, and user cancellation behave predictably in a small test.
A26: React | B26: 03 Full Stack and Data | C26: F07 | D26: One usable frontend stack | E26: =Schedule!D8 -> 1 | F26: =Schedule!M8 -> Planned | G26: Component behavior is explainable under rerenders, request failures, and navigation.
A27: Backend Skills | B27: 03 Full Stack and Data | C27: F05 | D27: HTTP backend and API contracts | E27: =Schedule!D6 -> 1 | F27: =Schedule!M6 -> Planned | G27: A duplicate request or failed worker cannot silently corrupt state or cross tenant boundaries.
A28: Node.js | B28: 03 Full Stack and Data | C28: O05 | D28: Optional alternative stores APIs and runtimes | E28: =Schedule!D48 -> 0 | F28: =Schedule!M48 -> Skipped | G28: Concurrent requests remain responsive while large or malformed uploads are rejected safely.
A29: SQL | B29: 03 Full Stack and Data | C29: F06 | D29: SQL relational modeling and PostgreSQL | E29: =Schedule!D7 -> 1 | F29: =Schedule!M7 -> Planned | G29: Reconcile query output with a hand-checked sample and explain the query plan for realistic data volume.
A30: PostgreSQL | B30: 03 Full Stack and Data | C30: F06 | D30: SQL relational modeling and PostgreSQL | E30: =Schedule!D7 -> 1 | F30: =Schedule!M7 -> Planned | G30: Demonstrate concurrency correctness, query performance, and a documented restore procedure.
A31: NoSQL DBs | B31: 03 Full Stack and Data | C31: O05 | D31: Optional alternative stores APIs and runtimes | E31: =Schedule!D48 -> 0 | F31: =Schedule!M48 -> Skipped | G31: Explain exactly which queries and consistency guarantees justify the chosen store.
A32: APIs Design | B32: 03 Full Stack and Data | C32: F05 | D32: HTTP backend and API contracts | E32: =Schedule!D6 -> 1 | F32: =Schedule!M6 -> Planned | G32: Clients can distinguish accepted work, completed work, retryable failure, and permanent rejection.
A33: GraphQL | B33: 03 Full Stack and Data | C33: O05 | D33: Optional alternative stores APIs and runtimes | E33: =Schedule!D48 -> 0 | F33: =Schedule!M48 -> Skipped | G33: A nested query has bounded cost and the same authorization guarantees as direct API access.
A34: Data Engineering Skills | B34: 03 Full Stack and Data | C34: F08 | D34: Data lifecycle pipelines and quality | E34: =Schedule!D9 -> 1 | F34: =Schedule!M9 -> Planned | G34: A sampled output can be traced to its source and regenerated after a controlled backfill.
A35: Data Modeling | B35: 03 Full Stack and Data | C35: F06 | D35: SQL relational modeling and PostgreSQL | E35: =Schedule!D7 -> 1 | F35: =Schedule!M7 -> Planned | G35: Two engineers derive the same metric and authorization result from the documented model.
A36: Data Pipelines | B36: 03 Full Stack and Data | C36: F08 | D36: Data lifecycle pipelines and quality | E36: =Schedule!D9 -> 1 | F36: =Schedule!M9 -> Planned | G36: A restart or replay produces the documented result without unexplained loss or duplication.
A37: Data Warehouses | B37: 03 Full Stack and Data | C37: F08 | D37: Data lifecycle pipelines and quality | E37: =Schedule!D9 -> 1 | F37: =Schedule!M9 -> Planned | G37: A business metric reconciles with source samples and its refresh delay and caveats are visible.
A38: Spark | B38: 03 Full Stack and Data | C38: O03 | D38: Optional distributed processing and orchestration | E38: =Schedule!D46 -> 0 | F38: =Schedule!M46 -> Skipped | G38: Explain the execution plan, data movement, and cost of a representative job.
A39: Airflow | B39: 03 Full Stack and Data | C39: O03 | D39: Optional distributed processing and orchestration | E39: =Schedule!D46 -> 0 | F39: =Schedule!M46 -> Skipped | G39: A failed task can be retried and a past interval can be reproduced with documented inputs.
A40: AI Engineering Skills | B40: 04 AI Engineering | C40: A01 | D40: LLM behavior and model selection | E40: =Schedule!D16 -> 1 | F40: =Schedule!M16 -> Planned | G40: A repeatable evaluation shows improvement over a simple baseline within an agreed operational budget.
A41: LLM Fundamentals | B41: 04 AI Engineering | C41: A01 | D41: LLM behavior and model selection | E41: =Schedule!D16 -> 1 | F41: =Schedule!M16 -> Planned | G41: Explain why a response was accepted or rejected using evidence, validation, and the provider's actual data policy.
A42: Prompt Engineering | B42: 04 AI Engineering | C42: A02 | D42: Prompt context and prompt lifecycle | E42: =Schedule!D17 -> 1 | F42: =Schedule!M17 -> Planned | G42: A prompt revision improves measured outcomes without breaking existing cases or weakening boundaries.
A43: Context Engineering | B43: 04 AI Engineering | C43: A02 | D43: Prompt context and prompt lifecycle | E43: =Schedule!D17 -> 1 | F43: =Schedule!M17 -> Planned | G43: Explain why every included item is relevant, authorized, current enough, and worth its token cost.
A44: RAGs | B44: 04 AI Engineering | C44: A03 | D44: Retrieval embeddings and vector stores | E44: =Schedule!D18 -> 1 | F44: =Schedule!M18 -> Planned | G44: Answers cite passages that support their claims, and unauthorized documents never enter the model context.
A45: Vector DBs | B45: 04 AI Engineering | C45: A03 | D45: Retrieval embeddings and vector stores | E45: =Schedule!D18 -> 1 | F45: =Schedule!M18 -> Planned | G45: Measure recall, latency, freshness, deletion behavior, and tenant isolation under representative queries.
A46: Choosing Model Providers | B46: 04 AI Engineering | C46: A01 | D46: LLM behavior and model selection | E46: =Schedule!D16 -> 1 | F46: =Schedule!M16 -> Planned | G46: A decision record contains measured task results, policy checks, a cost model, and a tested fallback policy.
A47: Prompt Management | B47: 04 AI Engineering | C47: A02 | D47: Prompt context and prompt lifecycle | E47: =Schedule!D17 -> 1 | F47: =Schedule!M17 -> Planned | G47: Reproduce which prompt, model, retrieval configuration, and tool schema generated a given output.
A48: AI Agents | B48: 05 Agents and Coding Tools | C48: A06 | D48: Bounded agents and architecture tradeoffs | E48: =Schedule!D22 -> 1 | F48: =Schedule!M22 -> Planned | G48: The agent stops safely, reports uncertainty, and cannot perform an action outside server-enforced authority.
A49: Agent Architectures | B49: 05 Agents and Coding Tools | C49: A06 | D49: Bounded agents and architecture tradeoffs | E49: =Schedule!D22 -> 1 | F49: =Schedule!M22 -> Planned | G49: Choose the simplest architecture that meets the measured requirements and explain why alternatives lose.
A50: Tools & Functions | B50: 05 Agents and Coding Tools | C50: A05 | D50: Trusted tools state and integration | E50: =Schedule!D21 -> 1 | F50: =Schedule!M21 -> Planned | G50: Malformed, unauthorized, repeated, and excessive calls are rejected before any side effect.
A51: Memory & State | B51: 05 Agents and Coding Tools | C51: A05 | D51: Trusted tools state and integration | E51: =Schedule!D21 -> 1 | F51: =Schedule!M21 -> Planned | G51: A restart resumes predictably, sensitive memory can be deleted, and side effects are not duplicated.
A52: MCP | B52: 05 Agents and Coding Tools | C52: A05 | D52: Trusted tools state and integration | E52: =Schedule!D21 -> 1 | F52: =Schedule!M21 -> Planned | G52: A client discovers capabilities and uses only authorized operations with bounded, auditable behavior.
A53: Multi-Agents | B53: 05 Agents and Coding Tools | C53: A06 | D53: Bounded agents and architecture tradeoffs | E53: =Schedule!D22 -> 1 | F53: =Schedule!M22 -> Planned | G53: A measured improvement justifies coordination cost and responsibility for final decisions remains explicit.
A54: Vibe Coding | B54: 05 Agents and Coding Tools | C54: A07 | D54: AI-assisted development discipline | E54: =Schedule!D23 -> 1 | F54: =Schedule!M23 -> Planned | G54: The generated feature meets a written acceptance criterion and passes the same review gates as human-written code.
A55: Claude Code | B55: 05 Agents and Coding Tools | C55: O06 | D55: Optional coding-agent product comparison | E55: =Schedule!D49 -> 0 | F55: =Schedule!M49 -> Skipped | G55: You can reconstruct the task, permissions, changes, validation, and remaining risk from the session evidence.
A56: Codex | B56: 05 Agents and Coding Tools | C56: O06 | D56: Optional coding-agent product comparison | E56: =Schedule!D49 -> 0 | F56: =Schedule!M49 -> Skipped | G56: The chosen mode has documented permissions, reproducible output, and independently checked changes.
A57: Gemini | B57: 05 Agents and Coding Tools | C57: O06 | D57: Optional coding-agent product comparison | E57: =Schedule!D49 -> 0 | F57: =Schedule!M49 -> Skipped | G57: Document the exact endpoint, model, account policy, limits, cost, and measured task results.
A58: Cursor | B58: 05 Agents and Coding Tools | C58: O06 | D58: Optional coding-agent product comparison | E58: =Schedule!D49 -> 0 | F58: =Schedule!M49 -> Skipped | G58: The feature is verified and the organization's rules for indexed or transmitted code are respected.
A59: OpenClaw | B59: 05 Agents and Coding Tools | C59: O06 | D59: Optional coding-agent product comparison | E59: =Schedule!D49 -> 0 | F59: =Schedule!M49 -> Skipped | G59: A documented threat model and bounded pilot justify every permission and provide a clear kill switch.
A60: OpenCode | B60: 05 Agents and Coding Tools | C60: O06 | D60: Optional coding-agent product comparison | E60: =Schedule!D49 -> 0 | F60: =Schedule!M49 -> Skipped | G60: Document which code and prompts leave the machine and which commands the tool can execute.
A61: Integration Engineering | B61: 06 Integration Cloud and DevOps | C61: A05 | D61: Trusted tools state and integration | E61: =Schedule!D21 -> 1 | F61: =Schedule!M21 -> Planned | G61: After an induced failure, both systems reconcile to the documented business state.
A62: Working with Legacy Systems | B62: 06 Integration Cloud and DevOps | C62: A05 | D62: Trusted tools state and integration | E62: =Schedule!D21 -> 1 | F62: =Schedule!M21 -> Planned | G62: A parallel run demonstrates equivalence or documented improvements with a reversible rollout.
A63: Cloud Platforms | B63: 06 Integration Cloud and DevOps | C63: C01 | D63: One cloud and container deployment | E63: =Schedule!D24 -> 1 | F63: =Schedule!M24 -> Planned | G63: Explain every trust boundary, recurring cost, and expected failure response in the deployment.
A64: AWS | B64: 06 Integration Cloud and DevOps | C64: C01 | D64: One cloud and container deployment | E64: =Schedule!D24 -> 1 | F64: =Schedule!M24 -> Planned | G64: The workload can access only the required resources, and cost and recovery controls are demonstrated.
A65: GCP | B65: 06 Integration Cloud and DevOps | C65: O02 | D65: Optional alternative cloud depth | E65: =Schedule!D45 -> 0 | F65: =Schedule!M45 -> Skipped | G65: Permissions, regional assumptions, telemetry, and monthly cost estimates are explicit and testable.
A66: Azure | B66: 06 Integration Cloud and DevOps | C66: O02 | D66: Optional alternative cloud depth | E66: =Schedule!D45 -> 0 | F66: =Schedule!M45 -> Skipped | G66: A user and workload each receive only their required permissions and access revocation is tested.
A67: Terraform | B67: 06 Integration Cloud and DevOps | C67: C02 | D67: Infrastructure as code and release workflow | E67: =Schedule!D25 -> 1 | F67: =Schedule!M25 -> Planned | G67: A second engineer can explain the plan, state storage, permissions, and destructive-change guardrails.
A68: Containers | B68: 06 Integration Cloud and DevOps | C68: C01 | D68: One cloud and container deployment | E68: =Schedule!D24 -> 1 | F68: =Schedule!M24 -> Planned | G68: A fresh host runs the same image with explicit configuration, bounded resources, and no embedded secrets.
A69: Docker | B69: 06 Integration Cloud and DevOps | C69: C01 | D69: One cloud and container deployment | E69: =Schedule!D24 -> 1 | F69: =Schedule!M24 -> Planned | G69: The published image is traceable to source and passes a documented runtime and dependency check.
A70: Kubernetes | B70: 06 Integration Cloud and DevOps | C70: O04 | D70: Optional Kubernetes operations | E70: =Schedule!D47 -> 0 | F70: =Schedule!M47 -> Skipped | G70: You can diagnose a failed rollout and demonstrate least-privilege access and predictable recovery.
A71: DevOps Skills | B71: 06 Integration Cloud and DevOps | C71: C02 | D71: Infrastructure as code and release workflow | E71: =Schedule!D25 -> 1 | F71: =Schedule!M25 -> Planned | G71: A release is reproducible and an unsuccessful change has a rehearsed rollback or roll-forward procedure.
A72: Observability | B72: 07 Production AI and Security | C72: C03 | D72: Observability and inference measurement | E72: =Schedule!D26 -> 1 | F72: =Schedule!M26 -> Planned | G72: Given a failed task, identify the relevant stage and version without exposing unnecessary sensitive data.
A73: Building Eval Pipelines | B73: 07 Production AI and Security | C73: A04 | D73: Evaluation pipelines and regression analysis | E73: =Schedule!D19 -> 1 | F73: =Schedule!M19 -> Planned | G73: A regression is detected reproducibly and the score can be traced to individual cases and explicit criteria.
A74: Debugging Agent Logic | B74: 07 Production AI and Security | C74: A06 | D74: Bounded agents and architecture tradeoffs | E74: =Schedule!D22 -> 1 | F74: =Schedule!M22 -> Planned | G74: A minimal replay explains the failure and a focused test prevents its recurrence.
A75: Inference Optimization | B75: 07 Production AI and Security | C75: C03 | D75: Observability and inference measurement | E75: =Schedule!D26 -> 1 | F75: =Schedule!M26 -> Planned | G75: An improvement is quantified at realistic concurrency and stays within the agreed quality and memory budget.
A76: MLOps | B76: 07 Production AI and Security | C76: C04 | D76: Model and application release lifecycle | E76: =Schedule!D27 -> 1 | F76: =Schedule!M27 -> Planned | G76: A production result can be reproduced or explained from its artifact manifest and trace.
A77: Security | B77: 07 Production AI and Security | C77: S01 | D77: Authentication API and system security | E77: =Schedule!D20 -> 1 | F77: =Schedule!M20 -> Planned | G77: Sensitive access and side effects remain blocked even when the model follows an adversarial instruction.
A78: DevSecOps | B78: 07 Production AI and Security | C78: S01 | D78: Authentication API and system security | E78: =Schedule!D20 -> 1 | F78: =Schedule!M20 -> Planned | G78: A release has traceable artifacts, explicit risk decisions, and tested credential boundaries.
A79: API Security | B79: 07 Production AI and Security | C79: S01 | D79: Authentication API and system security | E79: =Schedule!D20 -> 1 | F79: =Schedule!M20 -> Planned | G79: Negative authorization tests cover every sensitive read and write boundary.
A80: Authentication | B80: 07 Production AI and Security | C80: S01 | D80: Authentication API and system security | E80: =Schedule!D20 -> 1 | F80: =Schedule!M20 -> Planned | G80: Invalid credentials fail safely and valid identities still require explicit object-level permissions.
A81: AI Governance | B81: 07 Production AI and Security | C81: D03 | D81: Privacy governance and data permissions | E81: =Schedule!D36 -> 1 | F81: =Schedule!M36 -> Planned | G81: A reviewer can identify who approves changes, which evidence is required, and what triggers suspension.
A82: Data Privacy & Compliance | B82: 07 Production AI and Security | C82: D03 | D82: Privacy governance and data permissions | E82: =Schedule!D36 -> 1 | F82: =Schedule!M36 -> Planned | G82: A data-flow record explains lawful handling decisions and demonstrates approved retention and deletion behavior.
A83: Discovery & Scoping | B83: 08 Customer Delivery | C83: D01 | D83: Discovery and business workflow framing | E83: =Schedule!D34 -> 1 | F83: =Schedule!M34 -> Planned | G83: Stakeholders agree on the problem, decision owner, pilot boundary, and evidence needed to continue.
A84: Requirements Gathering | B84: 08 Customer Delivery | C84: D02 | D84: Requirements scoping and stakeholder alignment | E84: =Schedule!D35 -> 1 | F84: =Schedule!M35 -> Planned | G84: Each critical requirement maps to a demonstration, measurement, test, or documented review.
A85: Scoping & Sequencing | B85: 08 Customer Delivery | C85: D02 | D85: Requirements scoping and stakeholder alignment | E85: =Schedule!D35 -> 1 | F85: =Schedule!M35 -> Planned | G85: The first milestone tests a real project-killing assumption and later work depends on explicit evidence.
A86: Scope, Speed, Quality | B86: 08 Customer Delivery | C86: D02 | D86: Requirements scoping and stakeholder alignment | E86: =Schedule!D35 -> 1 | F86: =Schedule!M35 -> Planned | G86: A written tradeoff names what is deferred, what remains mandatory, and who accepts the residual risk.
A87: Communication | B87: 08 Customer Delivery | C87: D09 | D87: Operational handover and technical writing | E87: =Schedule!D42 -> 1 | F87: =Schedule!M42 -> Planned | G87: Each audience can state the current outcome, key risk, next action, and responsible owner.
A88: Technical Writing | B88: 08 Customer Delivery | C88: D09 | D88: Operational handover and technical writing | E88: =Schedule!D42 -> 1 | F88: =Schedule!M42 -> Planned | G88: A new engineer can deploy, test, diagnose, and recover the supported workflow from the documentation.
A89: Executive Reporting | B89: 08 Customer Delivery | C89: D10 | D89: Value report feedback and portfolio | E89: =Schedule!D43 -> 1 | F89: =Schedule!M43 -> Planned | G89: A sponsor can decide whether to continue, change scope, or stop based on the report.
A90: Business Acumen | B90: 09 Business and Product | C90: D01 | D90: Discovery and business workflow framing | E90: =Schedule!D34 -> 1 | F90: =Schedule!M34 -> Planned | G90: Explain who benefits, who pays, what changes operationally, and what evidence would invalidate the business case.
A91: Enterprise Workflow | B91: 09 Business and Product | C91: D01 | D91: Discovery and business workflow framing | E91: =Schedule!D34 -> 1 | F91: =Schedule!M34 -> Planned | G91: Every state transition, decision authority, and recovery path has a clear owner.
A92: ROI & AI Impact | B92: 09 Business and Product | C92: D10 | D92: Value report feedback and portfolio | E92: =Schedule!D43 -> 1 | F92: =Schedule!M43 -> Planned | G92: The business case states assumptions, uncertainty, measured inputs, and the threshold for a worthwhile deployment.
A93: Stakeholder Management | B93: 09 Business and Product | C93: D02 | D93: Requirements scoping and stakeholder alignment | E93: =Schedule!D35 -> 1 | F93: =Schedule!M35 -> Planned | G93: The right people approve the right decisions and unresolved disagreement is visible before release.
A94: Product Feedback Loop | B94: 09 Business and Product | C94: D10 | D94: Value report feedback and portfolio | E94: =Schedule!D43 -> 1 | F94: =Schedule!M43 -> Planned | G94: A product decision is linked to customer evidence and the shipped change is checked against the original problem.
A95: Time-to-Value | B95: 09 Business and Product | C95: D10 | D95: Value report feedback and portfolio | E95: =Schedule!D43 -> 1 | F95: =Schedule!M43 -> Planned | G95: The start, value event, cohort, exclusions, and sustained adoption check are explicit.

Sheet Holidays
A1: Holiday / excluded date | B1: Reason

Sheet Practice Log
A1: Date | B1: Platform | C1: Topic / pattern | D1: Problem URL or ID | E1: Minutes | F1: Outcome | G1: Hint used? | H1: Next review | I1: Mistake / explanation / next action
H2: =IF(ISNUMBER(A2),A2+7,"")
H3: =IF(ISNUMBER(A3),A3+7,"")
H4: =IF(ISNUMBER(A4),A4+7,"")
H5: =IF(ISNUMBER(A5),A5+7,"")
H6: =IF(ISNUMBER(A6),A6+7,"")
H7: =IF(ISNUMBER(A7),A7+7,"")
H8: =IF(ISNUMBER(A8),A8+7,"")
H9: =IF(ISNUMBER(A9),A9+7,"")
H10: =IF(ISNUMBER(A10),A10+7,"")
H11: =IF(ISNUMBER(A11),A11+7,"")
H12: =IF(ISNUMBER(A12),A12+7,"")
H13: =IF(ISNUMBER(A13),A13+7,"")
... H201: =IF(ISNUMBER(A201),A201+7,"")
